sample,cpu_send_ns,gpu_ns,cpu_observed_ns,rtt_ns
0,3812358075026537,1789633741958135808,3812358075179884,153347
1,3812358075179979,1789633741958142976,3812358075187597,7618
2,3812358075187689,1789633741958151168,3812358075195344,7655
3,3812358075195436,1789633741958158336,3812358075203079,7643
4,3812358075203103,1789633741958166528,3812358075210818,7715
5,3812358075210909,1789633741958174720,3812358075218557,7648
6,3812358075218649,1789633741958181888,3812358075226335,7686
7,3812358075226427,1789633741958190080,3812358075234157,7730
8,3812358075234249,1789633741958197248,3812358075241894,7645
9,3812358075241986,1789633741958205440,3812358075249717,7731
10,3812358075249809,1789633741958213632,3812358075257527,7718
11,3812358075257619,1789633741958220800,3812358075265305,7686
12,3812358075265396,1789633741958228992,3812358075273127,7731
13,3812358075273219,1789633741958236160,3812358075280913,7694
14,3812358075281009,1789633741958244352,3812358075288727,7718
15,3812358075288819,1789633741958252544,3812358075296514,7695
16,3812358075296609,1789633741958259712,3812358075304135,7526
17,3812358075304229,1789633741958267904,3812358075311883,7654
18,3812358075311967,1789633741958275072,3812358075319513,7546
19,3812358075319602,1789633741958283264,3812358075327104,7502
20,3812358075327196,1789633741958290432,3812358075334747,7551
21,3812358075334839,1789633741958298624,3812358075342402,7563
22,3812358075342494,1789633741958305792,3812358075350137,7643
23,3812358075350234,1789633741958313984,3812358075357759,7525
24,3812358075357845,1789633741958321152,3812358075365392,7547
25,3812358075365484,1789633741958329344,3812358075373043,7559
26,3812358075373135,1789633741958336512,3812358075380679,7544
27,3812358075380765,1789633741958343680,3812358075388317,7552
28,3812358075388409,1789633741958351872,3812358075396017,7608
29,3812358075396102,1789633741958359040,3812358075403629,7527
30,3812358075403714,1789633741958367232,3812358075411369,7655
31,3812358075411454,1789633741958374400,3812358075419009,7555
32,3812358075419102,1789633741958382592,3812358075426659,7557
33,3812358075426752,1789633741958389760,3812358075434282,7530
34,3812358075434366,1789633741958397952,3812358075441924,7558
35,3812358075442019,1789633741958405120,3812358075449565,7546
36,3812358075449652,1789633741958413312,3812358075457297,7645
37,3812358075457389,1789633741958420480,3812358075464993,7604
38,3812358075465084,1789633741958428672,3812358075472609,7525
39,3812358075472702,1789633741958435840,3812358075480223,7521
40,3812358075480313,1789633741958444032,3812358075487842,7529
41,3812358075487934,1789633741958451200,3812358075495505,7571
42,3812358075495599,1789633741958459392,3812358075503107,7508
43,3812358075503199,1789633741958466560,3812358075510882,7683
44,3812358075510974,1789633741958474752,3812358075518685,7711
45,3812358075518777,1789633741958481920,3812358075526492,7715
46,3812358075526584,1789633741958490112,3812358075534105,7521
47,3812358075534196,1789633741958497280,3812358075541724,7528
48,3812358075541816,1789633741958505472,3812358075549344,7528
49,3812358075549438,1789633741958512640,3812358075556995,7557
50,3812358075557087,1789633741958520832,3812358075564647,7560
51,3812358075564732,1789633741958528000,3812358075572305,7573
52,3812358075572399,1789633741958536192,3812358075579945,7546
53,3812358075580037,1789633741958543360,3812358075587565,7528
54,3812358075587653,1789633741958550528,3812358075595180,7527
55,3812358075595264,1789633741958558720,3812358075602793,7529
56,3812358075602877,1789633741958565888,3812358075610405,7528
57,3812358075610499,1789633741958574080,3812358075618165,7666
58,3812358075618262,1789633741958581248,3812358075625989,7727
59,3812358075626085,1789633741958589440,3812358075633782,7697
60,3812358075633867,1789633741958597632,3812358075641587,7720
61,3812358075641679,1789633741958604800,3812358075649205,7526
62,3812358075649296,1789633741958612992,3812358075656845,7549
63,3812358075656939,1789633741958620160,3812358075664482,7543
64,3812358075664574,1789633741958628352,3812358075672135,7561
65,3812358075672226,1789633741958635520,3812358075679784,7558
66,3812358075679877,1789633741958643712,3812358075687435,7558
67,3812358075687527,1789633741958650880,3812358075695079,7552
68,3812358075695165,1789633741958658048,3812358075702795,7630
69,3812358075702887,1789633741958666240,3812358075710417,7530
70,3812358075710503,1789633741958673408,3812358075718045,7542
71,3812358075718139,1789633741958681600,3812358075725694,7555
72,3812358075725789,1789633741958688768,3812358075733309,7520
73,3812358075733402,1789633741958696960,3812358075741073,7671
74,3812358075741164,1789633741958704128,3812358075748687,7523
75,3812358075748779,1789633741958712320,3812358075756322,7543
76,3812358075756414,1789633741958719488,3812358075763962,7548
77,3812358075764054,1789633741958727680,3812358075771617,7563
78,3812358075771702,1789633741958734848,3812358075779257,7555
79,3812358075779352,1789633741958743040,3812358075786917,7565
80,3812358075787002,1789633741958750208,3812358075794558,7556
81,3812358075794650,1789633741958758400,3812358075802237,7587
82,3812358075802329,1789633741958765568,3812358075809863,7534
83,3812358075809955,1789633741958773760,3812358075817482,7527
84,3812358075817575,1789633741958780928,3812358075825187,7612
85,3812358075825279,1789633741958789120,3812358075832807,7528
86,3812358075832899,1789633741958796288,3812358075840572,7673
87,3812358075840656,1789633741958804480,3812358075848377,7721
88,3812358075848473,1789633741958811648,3812358075856184,7711
89,3812358075856277,1789633741958819840,3812358075863985,7708
90,3812358075864077,1789633741958827008,3812358075871772,7695
91,3812358075871857,1789633741958835200,3812358075879409,7552
92,3812358075879502,1789633741958842368,3812358075887047,7545
93,3812358075887139,1789633741958850560,3812358075894704,7565
94,3812358075894796,1789633741958857728,3812358075902347,7551
95,3812358075902439,1789633741958865920,3812358075909967,7528
96,3812358075910059,1789633741958873088,3812358075917625,7566
97,3812358075917717,1789633741958881280,3812358075925267,7550
98,3812358075925359,1789633741958888448,3812358075932889,7530
99,3812358075932984,1789633741958896640,3812358075940485,7501
100,3812358075940577,1789633741958903808,3812358075948097,7520
101,3812358075948189,1789633741958912000,3812358075955717,7528
102,3812358075955809,1789633741958919168,3812358075963467,7658
103,3812358075963553,1789633741958927360,3812358075971079,7526
104,3812358075971165,1789633741958934528,3812358075978683,7518
105,3812358075978774,1789633741958941696,3812358075986322,7548
106,3812358075986415,1789633741958949888,3812358075993967,7552
107,3812358075994059,1789633741958957056,3812358076001623,7564
108,3812358076001715,1789633741958965248,3812358076009279,7564
109,3812358076009372,1789633741958972416,3812358076016917,7545
110,3812358076017009,1789633741958980608,3812358076024541,7532
111,3812358076024637,1789633741958987776,3812358076032157,7520
112,3812358076032249,1789633741958995968,3812358076039755,7506
113,3812358076039847,1789633741959003136,3812358076047367,7520
114,3812358076047459,1789633741959010304,3812358076055153,7694
115,3812358076055244,1789633741959018496,3812358076062975,7731
116,3812358076063067,1789633741959026688,3812358076070797,7730
117,3812358076070889,1789633741959033856,3812358076078567,7678
118,3812358076078659,1789633741959042048,3812358076086397,7738
119,3812358076086489,1789633741959050240,3812358076094174,7685
120,3812358076094266,1789633741959057408,3812358076101787,7521
121,3812358076101879,1789633741959065600,3812358076109437,7558
122,3812358076109529,1789633741959072768,3812358076117072,7543
123,3812358076117165,1789633741959080960,3812358076124722,7557
124,3812358076124816,1789633741959088128,3812358076132369,7553
125,3812358076132462,1789633741959095296,3812358076140019,7557
126,3812358076140112,1789633741959103488,3812358076147627,7515
127,3812358076147719,1789633741959110656,3812358076155247,7528
128,3812358076155339,1789633741959118848,3812358076162852,7513
129,3812358076162944,1789633741959126016,3812358076170495,7551
130,3812358076170586,1789633741959134208,3812358076178117,7531
131,3812358076178202,1789633741959141376,3812358076185855,7653
132,3812358076185947,1789633741959149568,3812358076193682,7735
133,3812358076193774,1789633741959156736,3812358076201492,7718
134,3812358076201585,1789633741959164928,3812358076209279,7694
135,3812358076209365,1789633741959173120,3812358076217096,7731
136,3812358076217189,1789633741959180288,3812358076224877,7688
137,3812358076224969,1789633741959188480,3812358076232499,7530
138,3812358076232584,1789633741959195648,3812358076240148,7564
139,3812358076240239,1789633741959203840,3812358076247842,7603
140,3812358076247935,1789633741959211008,3812358076255507,7572
141,3812358076255599,1789633741959219200,3812358076263162,7563
142,3812358076263255,1789633741959226368,3812358076270817,7562
143,3812358076270902,1789633741959234560,3812358076278494,7592
144,3812358076278587,1789633741959241728,3812358076286118,7531
145,3812358076286202,1789633741959249920,3812358076293727,7525
146,3812358076293819,1789633741959257088,3812358076301345,7526
147,3812358076301437,1789633741959265280,3812358076309008,7571
148,3812358076309092,1789633741959272448,3812358076316827,7735
149,3812358076316919,1789633741959280640,3812358076324605,7686
150,3812358076324697,1789633741959287808,3812358076332225,7528
151,3812358076332317,1789633741959296000,3812358076339970,7653
152,3812358076340062,1789633741959303168,3812358076347590,7528
153,3812358076347684,1789633741959311360,3812358076355242,7558
154,3812358076355335,1789633741959318528,3812358076362892,7557
155,3812358076362985,1789633741959326720,3812358076370542,7557
156,3812358076370635,1789633741959333888,3812358076378192,7557
157,3812358076378284,1789633741959342080,3812358076385842,7558
158,3812358076385935,1789633741959349248,3812358076393465,7530
159,3812358076393559,1789633741959356416,3812358076401127,7568
160,3812358076401219,1789633741959364608,3812358076408852,7633
161,3812358076408944,1789633741959372800,3812358076416592,7648
162,3812358076416685,1789633741959379968,3812358076424316,7631
163,3812358076424409,1789633741959388160,3812358076432057,7648
164,3812358076432152,1789633741959395328,3812358076439797,7645
165,3812358076439889,1789633741959403520,3812358076447545,7656
166,3812358076447636,1789633741959410688,3812358076455377,7741
167,3812358076455462,1789633741959418880,3812358076463157,7695
168,3812358076463249,1789633741959427072,3812358076470967,7718
169,3812358076471054,1789633741959434240,3812358076478795,7741
170,3812358076478887,1789633741959442432,3812358076486597,7710
171,3812358076486689,1789633741959449600,3812358076494375,7686
172,3812358076494467,1789633741959457792,3812358076502196,7729
173,3812358076502289,1789633741959465984,3812358076510005,7716
174,3812358076510097,1789633741959473152,3812358076517789,7692
175,3812358076517876,1789633741959481344,3812358076525597,7721
176,3812358076525689,1789633741959488512,3812358076533407,7718
177,3812358076533493,1789633741959496704,3812358076541142,7649
178,3812358076541234,1789633741959504896,3812358076548757,7523
179,3812358076548849,1789633741959512064,3812358076556517,7668
180,3812358076556609,1789633741959520256,3812358076564134,7525
181,3812358076564229,1789633741959527424,3812358076571797,7568
182,3812358076571889,1789633741959535616,3812358076579435,7546
183,3812358076579529,1789633741959542784,3812358076587077,7548
184,3812358076587162,1789633741959550976,3812358076594717,7555
185,3812358076594809,1789633741959558144,3812358076602367,7558
186,3812358076602459,1789633741959565312,3812358076609992,7533
187,3812358076610084,1789633741959573504,3812358076617607,7523
188,3812358076617699,1789633741959580672,3812358076625227,7528
189,3812358076625319,1789633741959588864,3812358076632844,7525
190,3812358076632937,1789633741959596032,3812358076640655,7718
191,3812358076640747,1789633741959604224,3812358076648477,7730
192,3812358076648569,1789633741959611392,3812358076656265,7696
193,3812358076656359,1789633741959619584,3812358076664077,7718
194,3812358076664169,1789633741959627776,3812358076671882,7713
195,3812358076671974,1789633741959634944,3812358076679657,7683
196,3812358076679742,1789633741959643136,3812358076687265,7523
197,3812358076687359,1789633741959650304,3812358076695042,7683
198,3812358076695134,1789633741959658496,3812358076702864,7730
199,3812358076702959,1789633741959666688,3812358076710642,7683
200,3812358076710734,1789633741959673856,3812358076718452,7718
201,3812358076718545,1789633741959682048,3812358076726067,7522
202,3812358076726152,1789633741959689216,3812358076733717,7565
203,3812358076733802,1789633741959697408,3812358076741359,7557
204,3812358076741445,1789633741959704576,3812358076748992,7547
205,3812358076749084,1789633741959712768,3812358076756632,7548
206,3812358076756724,1789633741959719936,3812358076764042,7318
207,3812358076764134,1789633741959727104,3812358076771662,7528
208,3812358076771754,1789633741959735296,3812358076779282,7528
209,3812358076779375,1789633741959742464,3812358076786957,7582
210,3812358076787049,1789633741959750656,3812358076794572,7523
211,3812358076794656,1789633741959757824,3812358076802327,7671
212,3812358076802412,1789633741959766016,3812358076809937,7525
213,3812358076810029,1789633741959773184,3812358076817588,7559
214,3812358076817679,1789633741959781376,3812358076825237,7558
215,3812358076825329,1789633741959788544,3812358076832887,7558
216,3812358076832979,1789633741959796736,3812358076840522,7543
217,3812358076840614,1789633741959803904,3812358076848165,7551
218,3812358076848252,1789633741959811072,3812358076855779,7527
219,3812358076855865,1789633741959819264,3812358076863392,7527
220,3812358076863477,1789633741959826432,3812358076871057,7580
221,3812358076871142,1789633741959834624,3812358076878697,7555
222,3812358076878790,1789633741959841792,3812358076886442,7652
223,3812358076886535,1789633741959849984,3812358076894062,7527
224,3812358076894154,1789633741959857152,3812358076901802,7648
225,3812358076901895,1789633741959865344,3812358076909447,7552
226,3812358076909539,1789633741959872512,3812358076917082,7543
227,3812358076917174,1789633741959880704,3812358076924722,7548
228,3812358076924815,1789633741959887872,3812358076932375,7560
229,3812358076932467,1789633741959896064,3812358076940025,7558
230,3812358076940117,1789633741959903232,3812358076947675,7558
231,3812358076947767,1789633741959911424,3812358076955317,7550
232,3812358076955409,1789633741959918592,3812358076962972,7563
233,3812358076963064,1789633741959926784,3812358076970572,7508
234,3812358076970664,1789633741959933952,3812358076978186,7522
235,3812358076978277,1789633741959941120,3812358076985947,7670
236,3812358076986039,1789633741959949312,3812358076993759,7720
237,3812358076993852,1789633741959957504,3812358077001567,7715
238,3812358077001659,1789633741959964672,3812358077009377,7718
239,3812358077009470,1789633741959972864,3812358077017155,7685
240,3812358077017246,1789633741959981056,3812358077024744,7498
241,3812358077024837,1789633741959988224,3812358077032532,7695
242,3812358077032617,1789633741959996416,3812358077040144,7527
243,3812358077040239,1789633741960003584,3812358077047796,7557
244,3812358077047889,1789633741960010752,3812358077055420,7531
245,3812358077055512,1789633741960018944,3812358077063077,7565
246,3812358077063169,1789633741960026112,3812358077070717,7548
247,3812358077070809,1789633741960034304,3812358077078367,7558
248,3812358077078459,1789633741960041472,3812358077086005,7546
249,3812358077086097,1789633741960049664,3812358077093647,7550
250,3812358077093739,1789633741960056832,3812358077101262,7523
251,3812358077101347,1789633741960065024,3812358077108895,7548
252,3812358077108987,1789633741960072192,3812358077116634,7647
253,3812358077116726,1789633741960080384,3812358077124252,7526
254,3812358077124345,1789633741960087552,3812358077132019,7674
255,3812358077132104,1789633741960095744,3812358077139629,7525
256,3812358077139722,1789633741960102912,3812358077147289,7567
257,3812358077147385,1789633741960111104,3812358077154997,7612
258,3812358077155089,1789633741960118272,3812358077162656,7567
259,3812358077162746,1789633741960126464,3812358077170305,7559
260,3812358077170397,1789633741960133632,3812358077177955,7558
261,3812358077178047,1789633741960141824,3812358077185614,7567
262,3812358077185709,1789633741960148992,3812358077193240,7531
263,3812358077193326,1789633741960156160,3812358077200849,7523
264,3812358077200942,1789633741960164352,3812358077208462,7520
265,3812358077208555,1789633741960171520,3812358077216127,7572
266,3812358077216219,1789633741960179712,3812358077223727,7508
267,3812358077223819,1789633741960186880,3812358077231305,7486
268,3812358077231399,1789633741960195072,3812358077238967,7568
269,3812358077239055,1789633741960202240,3812358077246617,7562
270,3812358077246709,1789633741960210432,3812358077254252,7543
271,3812358077254345,1789633741960217600,3812358077261895,7550
272,3812358077261987,1789633741960225792,3812358077269552,7565
273,3812358077269645,1789633741960232960,3812358077277170,7525
274,3812358077277262,1789633741960240128,3812358077284782,7520
275,3812358077284875,1789633741960248320,3812358077292398,7523
276,3812358077292489,1789633741960255488,3812358077300022,7533
277,3812358077300115,1789633741960263680,3812358077307637,7522
278,3812358077307729,1789633741960270848,3812358077315384,7655
279,3812358077315477,1789633741960279040,3812358077323002,7525
280,3812358077323095,1789633741960286208,3812358077330667,7572
281,3812358077330762,1789633741960294400,3812358077338317,7555
282,3812358077338409,1789633741960301568,3812358077345979,7570
283,3812358077346065,1789633741960309760,3812358077353634,7569
284,3812358077353727,1789633741960316928,3812358077361284,7557
285,3812358077361377,1789633741960325120,3812358077368904,7527
286,3812358077368996,1789633741960332288,3812358077376547,7551
287,3812358077376639,1789633741960339456,3812358077384172,7533
288,3812358077384264,1789633741960347648,3812358077391787,7523
289,3812358077391879,1789633741960354816,3812358077399519,7640
290,3812358077399612,1789633741960363008,3812358077407132,7520
291,3812358077407224,1789633741960370176,3812358077414892,7668
292,3812358077414985,1789633741960378368,3812358077422719,7734
293,3812358077422804,1789633741960386560,3812358077430487,7683
294,3812358077430579,1789633741960393728,3812358077438107,7528
295,3812358077438199,1789633741960401920,3812358077445757,7558
296,3812358077445849,1789633741960409088,3812358077453377,7528
297,3812358077453469,1789633741960417280,3812358077461058,7589
298,3812358077461149,1789633741960424448,3812358077468717,7568
299,3812358077468802,1789633741960431616,3812358077476362,7560
300,3812358077476455,1789633741960439808,3812358077484007,7552
301,3812358077484099,1789633741960446976,3812358077491657,7558
302,3812358077491749,1789633741960455168,3812358077499307,7558
303,3812358077499399,1789633741960462336,3812358077506925,7526
304,3812358077507017,1789633741960470528,3812358077514607,7590
305,3812358077514699,1789633741960477696,3812358077522414,7715
306,3812358077522502,1789633741960485888,3812358077530027,7525
307,3812358077530119,1789633741960493056,3812358077537802,7683
308,3812358077537895,1789633741960501248,3812358077545402,7507
309,3812358077545494,1789633741960508416,3812358077553069,7575
310,3812358077553154,1789633741960516608,3812358077560717,7563
311,3812358077560809,1789633741960523776,3812358077568372,7563
312,3812358077568464,1789633741960531968,3812358077576025,7561
313,3812358077576117,1789633741960539136,3812358077583675,7558
314,3812358077583767,1789633741960547328,3812358077591292,7525
315,3812358077591384,1789633741960554496,3812358077604675,13291
316,3812358077604767,1789633741960567808,3812358077612177,7410
317,3812358077612272,1789633741960576000,3812358077619967,7695
318,3812358077620054,1789633741960583168,3812358077627797,7743
319,3812358077627889,1789633741960591360,3812358077635417,7528
320,3812358077635509,1789633741960598528,3812358077643135,7626
321,3812358077643227,1789633741960606720,3812358077650949,7722
322,3812358077651042,1789633741960613888,3812358077658755,7713
323,3812358077658847,1789633741960622080,3812358077666355,7508
324,3812358077666447,1789633741960629248,3812358077674025,7578
325,3812358077674116,1789633741960637440,3812358077681648,7532
326,3812358077681739,1789633741960644608,3812358077689290,7551
327,3812358077689377,1789633741960652800,3812358077696922,7545
328,3812358077697015,1789633741960659968,3812358077704565,7550
329,3812358077704655,1789633741960668160,3812358077712187,7532
330,3812358077712279,1789633741960675328,3812358077719807,7528
331,3812358077719899,1789633741960683520,3812358077727437,7538
332,3812358077727522,1789633741960690688,3812358077735057,7535
333,3812358077735142,1789633741960698880,3812358077742655,7513
334,3812358077742749,1789633741960706048,3812358077750429,7680
335,3812358077750522,1789633741960714240,3812358077758045,7523
336,3812358077758139,1789633741960721408,3812358077765689,7550
337,3812358077765784,1789633741960728576,3812358077773289,7505
338,3812358077773377,1789633741960736768,3812358077780929,7552
339,3812358077781022,1789633741960743936,3812358077788574,7552
340,3812358077788667,1789633741960752128,3812358077796232,7565
341,3812358077796325,1789633741960759296,3812358077803842,7517
342,3812358077803935,1789633741960767488,3812358077811454,7519
343,3812358077811548,1789633741960774656,3812358077819076,7528
344,3812358077819169,1789633741960782848,3812358077826759,7590
345,3812358077826845,1789633741960790016,3812358077834354,7509
346,3812358077834442,1789633741960798208,3812358077842117,7675
347,3812358077842212,1789633741960805376,3812358077849745,7533
348,3812358077849837,1789633741960813568,3812358077857387,7550
349,3812358077857479,1789633741960820736,3812358077865007,7528
350,3812358077865099,1789633741960827904,3812358077872652,7553
351,3812358077872737,1789633741960836096,3812358077880282,7545
352,3812358077880374,1789633741960843264,3812358077887927,7553
353,3812358077888019,1789633741960851456,3812358077895594,7575
354,3812358077895685,1789633741960858624,3812358077903189,7504
355,3812358077903277,1789633741960866816,3812358077910817,7540
356,3812358077910909,1789633741960873984,3812358077918445,7536
357,3812358077918537,1789633741960882176,3812358077926047,7510
358,3812358077926139,1789633741960889344,3812358077933805,7666
359,3812358077933897,1789633741960897536,3812358077941619,7722
360,3812358077941712,1789633741960904704,3812358077949427,7715
361,3812358077949519,1789633741960912896,3812358077957235,7716
362,3812358077957327,1789633741960921088,3812358077965042,7715
363,3812358077965134,1789633741960928256,3812358077972835,7701
364,3812358077972927,1789633741960936448,3812358077980635,7708
365,3812358077980727,1789633741960943616,3812358077988439,7712
366,3812358077988534,1789633741960951808,3812358077996242,7708
367,3812358077996334,1789633741960960000,3812358078003842,7508
368,3812358078003927,1789633741960967168,3812358078011477,7550
369,3812358078011562,1789633741960975360,3812358078019112,7550
370,3812358078019195,1789633741960982528,3812358078026777,7582
371,3812358078026862,1789633741960989696,3812358078034409,7547
372,3812358078034502,1789633741960997888,3812358078042075,7573
373,3812358078042167,1789633741961005056,3812358078049717,7550
374,3812358078049809,1789633741961013248,3812358078057337,7528
375,3812358078057432,1789633741961020416,3812358078064980,7548
376,3812358078065072,1789633741961028608,3812358078072607,7535
377,3812358078072699,1789633741961035776,3812358078080339,7640
378,3812358078080427,1789633741961043968,3812358078087952,7525
379,3812358078088049,1789633741961051136,3812358078095745,7696
380,3812358078095836,1789633741961059328,3812358078103545,7709
381,3812358078103637,1789633741961066496,3812358078111169,7532
382,3812358078111262,1789633741961074688,3812358078118807,7545
383,3812358078118899,1789633741961081856,3812358078126442,7543
384,3812358078126534,1789633741961090048,3812358078134077,7543
385,3812358078134169,1789633741961097216,3812358078141722,7553
386,3812358078141806,1789633741961105408,3812358078149352,7546
387,3812358078149445,1789633741961112576,3812358078156974,7529
388,3812358078157066,1789633741961120768,3812358078164594,7528
389,3812358078164684,1789633741961127936,3812358078172207,7523
390,3812358078172299,1789633741961135104,3812358078179852,7553
391,3812358078179937,1789633741961143296,3812358078187477,7540
392,3812358078187569,1789633741961150464,3812358078195225,7656
393,3812358078195317,1789633741961158656,3812358078202845,7528
394,3812358078202937,1789633741961165824,3812358078210489,7552
395,3812358078210585,1789633741961174016,3812358078218125,7540
396,3812358078218219,1789633741961181184,3812358078225767,7548
397,3812358078225852,1789633741961189376,3812358078233415,7563
398,3812358078233502,1789633741961196544,3812358078241057,7555
399,3812358078241149,1789633741961204736,3812358078248702,7553
400,3812358078248787,1789633741961211904,3812358078256317,7530
401,3812358078256409,1789633741961220096,3812358078263955,7546
402,3812358078264046,1789633741961227264,3812358078271595,7549
403,3812358078271687,1789633741961235456,3812358078279345,7658
404,3812358078279437,1789633741961242624,3812358078286965,7528
405,3812358078287062,1789633741961250816,3812358078294698,7636
406,3812358078294789,1789633741961257984,3812358078302332,7543
407,3812358078302424,1789633741961266176,3812358078309967,7543
408,3812358078310059,1789633741961273344,3812358078317602,7543
409,3812358078317694,1789633741961280512,3812358078325277,7583
410,3812358078325362,1789633741961288704,3812358078332909,7547
411,3812358078333002,1789633741961295872,3812358078340549,7547
412,3812358078340642,1789633741961304064,3812358078348172,7530
413,3812358078348264,1789633741961311232,3812358078355767,7503
414,3812358078355862,1789633741961319424,3812358078363402,7540
415,3812358078363495,1789633741961326592,3812358078371057,7562
416,3812358078371142,1789633741961334784,3812358078378832,7690
417,3812358078378925,1789633741961341952,3812358078386432,7507
418,3812358078386517,1789633741961350144,3812358078394195,7678
419,3812358078394289,1789633741961357312,3812358078401817,7528
420,3812358078401909,1789633741961365504,3812358078409488,7579
421,3812358078409573,1789633741961372672,3812358078417117,7544
422,3812358078417209,1789633741961380864,3812358078424755,7546
423,3812358078424847,1789633741961388032,3812358078432399,7552
424,3812358078432484,1789633741961396224,3812358078440045,7561
425,3812358078440137,1789633741961403392,3812358078447667,7530
426,3812358078447759,1789633741961410560,3812358078455295,7536
427,3812358078455386,1789633741961418752,3812358078462877,7491
428,3812358078462969,1789633741961425920,3812358078470519,7550
429,3812358078470612,1789633741961434112,3812358078478155,7543
430,3812358078478247,1789633741961441280,3812358078485895,7648
431,3812358078485987,1789633741961449472,3812358078493499,7512
432,3812358078493592,1789633741961456640,3812358078501120,7528
433,3812358078501212,1789633741961464832,3812358078508748,7536
434,3812358078508839,1789633741961472000,3812358078516392,7553
435,3812358078516475,1789633741961480192,3812358078524022,7547
436,3812358078524115,1789633741961487360,3812358078531654,7539
437,3812358078531749,1789633741961494528,3812358078539282,7533
438,3812358078539367,1789633741961502720,3812358078546892,7525
439,3812358078546984,1789633741961509888,3812358078554517,7533
440,3812358078554609,1789633741961518080,3812358078562215,7606
441,3812358078562302,1789633741961525248,3812358078569837,7535
442,3812358078569922,1789633741961533440,3812358078577594,7672
443,3812358078577686,1789633741961540608,3812358078585397,7711
444,3812358078585489,1789633741961548800,3812358078593205,7716
445,3812358078593297,1789633741961556992,3812358078601057,7760
446,3812358078601149,1789633741961564160,3812358078608802,7653
447,3812358078608895,1789633741961572352,3812358078616605,7710
448,3812358078616697,1789633741961579520,3812358078624232,7535
449,3812358078624324,1789633741961587712,3812358078631867,7543
450,3812358078631959,1789633741961594880,3812358078639532,7573
451,3812358078639625,1789633741961603072,3812358078647176,7551
452,3812358078647263,1789633741961610240,3812358078654809,7546
453,3812358078654902,1789633741961618432,3812358078662479,7577
454,3812358078662572,1789633741961625600,3812358078670117,7545
455,3812358078670209,1789633741961633792,3812358078677752,7543
456,3812358078677844,1789633741961640960,3812358078685365,7521
457,3812358078685462,1789633741961649152,3812358078692985,7523
458,3812358078693076,1789633741961656320,3812358078700729,7653
459,3812358078700822,1789633741961664512,3812358078708345,7523
460,3812358078708437,1789633741961671680,3812358078716072,7635
461,3812358078716157,1789633741961679872,3812358078723705,7548
462,3812358078723797,1789633741961687040,3812358078731347,7550
463,3812358078731439,1789633741961695232,3812358078738989,7550
464,3812358078739077,1789633741961702400,3812358078746627,7550
465,3812358078746712,1789633741961709568,3812358078754305,7593
466,3812358078754395,1789633741961717760,3812358078761949,7554
467,3812358078762035,1789633741961724928,3812358078769589,7554
468,3812358078769677,1789633741961733120,3812358078777285,7608
469,3812358078777376,1789633741961740288,3812358078784975,7599
470,3812358078785069,1789633741961748480,3812358078792592,7523
471,3812358078792685,1789633741961755648,3812358078800222,7537
472,3812358078800307,1789633741961763840,3812358078808029,7722
473,3812358078808115,1789633741961771008,3812358078815834,7719
474,3812358078815926,1789633741961779200,3812358078823638,7712
475,3812358078823734,1789633741961787392,3812358078831442,7708
476,3812358078831535,1789633741961794560,3812358078839245,7710
477,3812358078839339,1789633741961802752,3812358078847057,7718
478,3812358078847149,1789633741961809920,3812358078854842,7693
479,3812358078854935,1789633741961818112,3812358078862442,7507
480,3812358078862527,1789633741961826304,3812358078870227,7700
481,3812358078870312,1789633741961833472,3812358078878029,7717
482,3812358078878122,1789633741961841664,3812358078885824,7702
483,3812358078885917,1789633741961848832,3812358078893644,7727
484,3812358078893737,1789633741961857024,3812358078901413,7676
485,3812358078901497,1789633741961865216,3812358078909037,7540
486,3812358078909129,1789633741961872384,3812358078916637,7508
487,3812358078916722,1789633741961879552,3812358078924269,7547
488,3812358078924362,1789633741961887744,3812358078931905,7543
489,3812358078931997,1789633741961894912,3812358078939547,7550
490,3812358078939639,1789633741961903104,3812358078947195,7556
491,3812358078947287,1789633741961910272,3812358078954824,7537
492,3812358078954916,1789633741961918464,3812358078962445,7529
493,3812358078962537,1789633741961925632,3812358078970075,7538
494,3812358078970169,1789633741961933824,3812358078977737,7568
495,3812358078977829,1789633741961940992,3812358078985367,7538
496,3812358078985462,1789633741961949184,3812358078993097,7635
497,3812358078993189,1789633741961956352,3812358079000737,7548
498,3812358079000829,1789633741961964544,3812358079008398,7569
499,3812358079008489,1789633741961971712,3812358079016036,7547
500,3812358079016129,1789633741961979904,3812358079023675,7546
501,3812358079023767,1789633741961987072,3812358079031314,7547
502,3812358079031409,1789633741961994240,3812358079038960,7551
503,3812358079039052,1789633741962002432,3812358079046587,7535
504,3812358079046679,1789633741962009600,3812358079054184,7505
505,3812358079054277,1789633741962017792,3812358079061817,7540
506,3812358079061909,1789633741962024960,3812358079069432,7523
507,3812358079069525,1789633741962033152,3812358079077035,7510
508,3812358079077126,1789633741962040320,3812358079084792,7666
509,3812358079084885,1789633741962048512,3812358079092417,7532
510,3812358079092509,1789633741962055680,3812358079100078,7569
511,3812358079100169,1789633741962063872,3812358079107717,7548
512,3812358079107809,1789633741962071040,3812358079115359,7550
513,3812358079115453,1789633741962079232,3812358079122997,7544
514,3812358079123089,1789633741962086400,3812358079130632,7543
515,3812358079130725,1789633741962093568,3812358079138252,7527
516,3812358079138345,1789633741962101760,3812358079145872,7527
517,3812358079145964,1789633741962108928,3812358079153492,7528
518,3812358079153585,1789633741962117120,3812358079161132,7547
519,3812358079161224,1789633741962124288,3812358079168944,7720
520,3812358079169039,1789633741962132480,3812358079176509,7470
521,3812358079176602,1789633741962139648,3812358079184294,7692
522,3812358079184387,1789633741962147840,3812358079191895,7508
523,3812358079191989,1789633741962155008,3812358079199500,7511
524,3812358079199585,1789633741962163200,3812358079207132,7547
525,3812358079207225,1789633741962170368,3812358079214767,7542
526,3812358079214859,1789633741962178560,3812358079222409,7550
527,3812358079222502,1789633741962185728,3812358079230095,7593
528,3812358079230187,1789633741962193920,3812358079237724,7537
529,3812358079237817,1789633741962201088,3812358079245344,7527
530,3812358079245437,1789633741962208256,3812358079252965,7528
531,3812358079253052,1789633741962216448,3812358079260599,7547
532,3812358079260692,1789633741962223616,3812358079268199,7507
533,3812358079268285,1789633741962231808,3812358079275962,7677
534,3812358079276047,1789633741962238976,3812358079283597,7550
535,3812358079283682,1789633741962247168,3812358079291252,7570
536,3812358079291344,1789633741962254336,3812358079298872,7528
537,3812358079298964,1789633741962262528,3812358079306512,7548
538,3812358079306604,1789633741962269696,3812358079314149,7545
539,3812358079314242,1789633741962277888,3812358079321789,7547
540,3812358079321885,1789633741962285056,3812358079329429,7544
541,3812358079329514,1789633741962293248,3812358079337047,7533
542,3812358079337139,1789633741962300416,3812358079344667,7528
543,3812358079344759,1789633741962307584,3812358079352295,7536
544,3812358079352387,1789633741962315776,3812358079359927,7540
545,3812358079360019,1789633741962322944,3812358079367684,7665
546,3812358079367776,1789633741962331136,3812358079375485,7709
547,3812358079375577,1789633741962339328,3812358079383289,7712
548,3812358079383384,1789633741962346496,3812358079390894,7510
549,3812358079390987,1789633741962354688,3812358079398539,7552
550,3812358079398627,1789633741962361856,3812358079406152,7525
551,3812358079406244,1789633741962369024,3812358079413792,7548
552,3812358079413884,1789633741962377216,3812358079421429,7545
553,3812358079421522,1789633741962384384,3812358079429069,7547
554,3812358079429162,1789633741962392576,3812358079436692,7530
555,3812358079436785,1789633741962399744,3812358079444312,7527
556,3812358079444404,1789633741962407936,3812358079451909,7505
557,3812358079452002,1789633741962415104,3812358079459597,7595
558,3812358079459689,1789633741962423296,3812358079467402,7713
559,3812358079467495,1789633741962430464,3812358079475004,7509
560,3812358079475099,1789633741962438656,3812358079482772,7673
561,3812358079482864,1789633741962445824,3812358079490392,7528
562,3812358079490484,1789633741962454016,3812358079498032,7548
563,3812358079498124,1789633741962461184,3812358079505674,7550
564,3812358079505767,1789633741962469376,3812358079513317,7550
565,3812358079513409,1789633741962476544,3812358079520960,7551
566,3812358079521052,1789633741962484736,3812358079528689,7637
567,3812358079528785,1789633741962491904,3812358079536325,7540
568,3812358079536419,1789633741962500096,3812358079543957,7538
569,3812358079544049,1789633741962507264,3812358079551577,7528
570,3812358079551669,1789633741962515456,3812358079559207,7538
571,3812358079559292,1789633741962522624,3812358079566887,7595
572,3812358079566972,1789633741962529792,3812358079574505,7533
573,3812358079574597,1789633741962537984,3812358079582252,7655
574,3812358079582345,1789633741962545152,3812358079590067,7722
575,3812358079590159,1789633741962553344,3812358079597872,7713
576,3812358079597965,1789633741962561536,3812358079605495,7530
577,3812358079605587,1789633741962568704,3812358079613122,7535
578,3812358079613214,1789633741962576896,3812358079620762,7548
579,3812358079620855,1789633741962584064,3812358079628407,7552
580,3812358079628499,1789633741962592256,3812358079636049,7550
581,3812358079636142,1789633741962599424,3812358079643677,7535
582,3812358079643769,1789633741962606592,3812358079651307,7538
583,3812358079651392,1789633741962614784,3812358079658925,7533
584,3812358079659017,1789633741962621952,3812358079666545,7528
585,3812358079666637,1789633741962630144,3812358079674190,7553
586,3812358079674285,1789633741962637312,3812358079681807,7522
587,3812358079681899,1789633741962645504,3812358079689555,7656
588,3812358079689646,1789633741962652672,3812358079697355,7709
589,3812358079697447,1789633741962660864,3812358079704997,7550
590,3812358079705089,1789633741962668032,3812358079712624,7535
591,3812358079712717,1789633741962676224,3812358079720269,7552
592,3812358079720354,1789633741962683392,3812358079727927,7573
593,3812358079728012,1789633741962691584,3812358079735562,7550
594,3812358079735647,1789633741962698752,3812358079745137,9490
595,3812358079745229,1789633741962708992,3812358079752785,7556
596,3812358079752877,1789633741962716160,3812358079760407,7530
597,3812358079760500,1789633741962723328,3812358079768005,7505
598,3812358079768097,1789633741962731520,3812358079775635,7538
599,3812358079775729,1789633741962738688,3812358079783242,7513
600,3812358079783334,1789633741962746880,3812358079791059,7725
601,3812358079791152,1789633741962754048,3812358079798810,7658
602,3812358079798895,1789633741962762240,3812358079806427,7532
603,3812358079806519,1789633741962769408,3812358079814072,7553
604,3812358079814157,1789633741962777600,3812358079821682,7525
605,3812358079821774,1789633741962784768,3812358079829325,7551
606,3812358079829417,1789633741962792960,3812358079836996,7579
607,3812358079837089,1789633741962800128,3812358079844659,7570
608,3812358079844752,1789633741962808320,3812358079852275,7523
609,3812358079852366,1789633741962815488,3812358079859877,7511
610,3812358079859969,1789633741962823680,3812358079867479,7510
611,3812358079867565,1789633741962830848,3812358079875135,7570
612,3812358079875226,1789633741962838016,3812358079882927,7701
613,3812358079883019,1789633741962846208,3812358079890525,7506
614,3812358079890617,1789633741962853376,3812358079898317,7700
615,3812358079898409,1789633741962861568,3812358079906117,7708
616,3812358079906209,1789633741962869760,3812358079913922,7713
617,3812358079914015,1789633741962876928,3812358079921725,7710
618,3812358079921817,1789633741962885120,3812358079929319,7502
619,3812358079929412,1789633741962892288,3812358079936965,7553
620,3812358079937052,1789633741962900480,3812358079944602,7550
621,3812358079944687,1789633741962907648,3812358079952237,7550
622,3812358079952322,1789633741962915840,3812358079959877,7555
623,3812358079959969,1789633741962923008,3812358079967535,7566
624,3812358079967627,1789633741962931200,3812358079975167,7540
625,3812358079975259,1789633741962938368,3812358079982797,7538
626,3812358079982889,1789633741962946560,3812358079990417,7528
627,3812358079990509,1789633741962953728,3812358079998044,7535
628,3812358079998136,1789633741962960896,3812358080005859,7723
629,3812358080005951,1789633741962969088,3812358080013653,7702
630,3812358080013744,1789633741962977280,3812358080021451,7707
631,3812358080021544,1789633741962984448,3812358080029247,7703
632,3812358080029332,1789633741962992640,3812358080036841,7509
633,3812358080036934,1789633741962999808,3812358080044609,7675
634,3812358080044701,1789633741963008000,3812358080052231,7530
635,3812358080052324,1789633741963015168,3812358080059829,7505
636,3812358080059922,1789633741963023360,3812358080067457,7535
637,3812358080067549,1789633741963030528,3812358080075103,7554
638,3812358080075187,1789633741963038720,3812358080082782,7595
639,3812358080082867,1789633741963045888,3812358080090437,7570
640,3812358080090529,1789633741963054080,3812358080098072,7543
641,3812358080098164,1789633741963061248,3812358080105692,7528
642,3812358080105785,1789633741963069440,3812358080113327,7542
643,3812358080113419,1789633741963076608,3812358080120925,7506
644,3812358080121017,1789633741963083776,3812358080128555,7538
645,3812358080128649,1789633741963091968,3812358080136285,7636
646,3812358080136376,1789633741963099136,3812358080143927,7551
647,3812358080144019,1789633741963107328,3812358080151567,7548
648,3812358080151659,1789633741963114496,3812358080159201,7542
649,3812358080159294,1789633741963122688,3812358080166849,7555
650,3812358080166935,1789633741963129856,3812358080174504,7569
651,3812358080174597,1789633741963138048,3812358080182167,7570
652,3812358080182261,1789633741963145216,3812358080189802,7541
653,3812358080189895,1789633741963153408,3812358080197417,7522
654,3812358080197509,1789633741963160576,3812358080205045,7536
655,3812358080205137,1789633741963168768,3812358080212665,7528
656,3812358080212751,1789633741963175936,3812358080220427,7676
657,3812358080220519,1789633741963184128,3812358080228025,7506
658,3812358080228117,1789633741963191296,3812358080235788,7671
659,3812358080235879,1789633741963199488,3812358080243417,7538
660,3812358080243501,1789633741963206656,3812358080251117,7616
661,3812358080251209,1789633741963214848,3812358080258781,7572
662,3812358080258874,1789633741963222016,3812358080266427,7553
663,3812358080266511,1789633741963230208,3812358080274079,7568
664,3812358080274171,1789633741963237376,3812358080281725,7554
665,3812358080281817,1789633741963245568,3812358080289397,7580
666,3812358080289489,1789633741963252736,3812358080297030,7541
667,3812358080297122,1789633741963259904,3812358080304647,7525
668,3812358080304731,1789633741963268096,3812358080312235,7504
669,3812358080312327,1789633741963275264,3812358080319918,7591
670,3812358080320011,1789633741963283456,3812358080327522,7511
671,3812358080327607,1789633741963290624,3812358080335297,7690
672,3812358080335389,1789633741963298816,3812358080343105,7716
673,3812358080343197,1789633741963305984,3812358080350919,7722
674,3812358080351011,1789633741963314176,3812358080358721,7710
675,3812358080358811,1789633741963322368,3812358080366527,7716
676,3812358080366619,1789633741963329536,3812358080374295,7676
677,3812358080374387,1789633741963337728,3812358080381925,7538
678,3812358080382017,1789633741963344896,3812358080389553,7536
679,3812358080389649,1789633741963353088,3812358080397172,7523
680,3812358080397265,1789633741963360256,3812358080404817,7552
681,3812358080404901,1789633741963368448,3812358080412451,7550
682,3812358080412536,1789633741963375616,3812358080420107,7571
683,3812358080420199,1789633741963383808,3812358080427727,7528
684,3812358080427820,1789633741963390976,3812358080435347,7527
685,3812358080435438,1789633741963399168,3812358080442967,7529
686,3812358080443055,1789633741963406336,3812358080450604,7549
687,3812358080450699,1789633741963413504,3812358080458241,7542
688,3812358080458334,1789633741963421696,3812358080465975,7641
689,3812358080466067,1789633741963428864,3812358080473617,7550
690,3812358080473709,1789633741963437056,3812358080481252,7543
691,3812358080481345,1789633741963444224,3812358080488881,7536
692,3812358080488974,1789633741963452416,3812358080496527,7553
693,3812358080496611,1789633741963459584,3812358080504201,7590
694,3812358080504295,1789633741963467776,3812358080511847,7552
695,3812358080511939,1789633741963474944,3812358080519482,7543
696,3812358080519575,1789633741963483136,3812358080527082,7507
697,3812358080527166,1789633741963490304,3812358080534707,7541
698,3812358080534799,1789633741963498496,3812358080542342,7543
699,3812358080542435,1789633741963505664,3812358080550109,7674
700,3812358080550202,1789633741963513856,3812358080557711,7509
701,3812358080557796,1789633741963521024,3812358080565449,7653
702,3812358080565541,1789633741963528192,3812358080572867,7326
703,3812358080572959,1789633741963536384,3812358080580511,7552
704,3812358080580596,1789633741963543552,3812358080588167,7571
705,3812358080588259,1789633741963551744,3812358080595825,7566
706,3812358080595916,1789633741963558912,3812358080603481,7565
707,3812358080603575,1789633741963567104,3812358080611117,7542
708,3812358080611209,1789633741963574272,3812358080618752,7543
709,3812358080618845,1789633741963582464,3812358080626374,7529
710,3812358080626469,1789633741963589632,3812358080633991,7522
711,3812358080634085,1789633741963597824,3812358080641617,7532
712,3812358080641709,1789633741963604992,3812358080649367,7658
713,3812358080649454,1789633741963613184,3812358080656987,7533
714,3812358080657079,1789633741963620352,3812358080664632,7553
715,3812358080664716,1789633741963627520,3812358080672229,7513
716,3812358080672314,1789633741963635712,3812358080679865,7551
717,3812358080679959,1789633741963642880,3812358080687505,7546
718,3812358080687597,1789633741963651072,3812358080695167,7570
719,3812358080695259,1789633741963658240,3812358080702797,7538
720,3812358080702889,1789633741963666432,3812358080710417,7528
721,3812358080710509,1789633741963673600,3812358080718037,7528
722,3812358080718129,1789633741963681792,3812358080725695,7566
723,3812358080725787,1789633741963688960,3812358080733511,7724
724,3812358080733596,1789633741963697152,3812358080741319,7723
725,3812358080741404,1789633741963704320,3812358080749087,7683
726,3812358080749179,1789633741963712512,3812358080756716,7537
727,3812358080756802,1789633741963719680,3812358080764475,7673
728,3812358080764567,1789633741963727872,3812358080772067,7500
729,3812358080772159,1789633741963735040,3812358080779695,7536
730,3812358080779787,1789633741963743232,3812358080787324,7537
731,3812358080787419,1789633741963750400,3812358080794994,7575
732,3812358080795086,1789633741963758592,3812358080802639,7553
733,3812358080802735,1789633741963765760,3812358080810281,7546
734,3812358080810367,1789633741963773952,3812358080817917,7550
735,3812358080818001,1789633741963781120,3812358080825535,7534
736,3812358080825627,1789633741963789312,3812358080833140,7513
737,3812358080833227,1789633741963796480,3812358080840798,7571
738,3812358080840889,1789633741963803648,3812358080848601,7712
739,3812358080848694,1789633741963811840,3812358080856410,7716
740,3812358080856501,1789633741963820032,3812358080864217,7716
741,3812358080864309,1789633741963827200,3812358080872031,7722
742,3812358080872115,1789633741963835392,3812358080879797,7682
743,3812358080879889,1789633741963843584,3812358080887417,7528
744,3812358080887514,1789633741963850752,3812358080895174,7660
745,3812358080895269,1789633741963858944,3812358080903001,7732
746,3812358080903094,1789633741963866112,3812358080910769,7675
747,3812358080910861,1789633741963874304,3812358080918391,7530
748,3812358080918485,1789633741963881472,3812358080926037,7552
749,3812358080926121,1789633741963889664,3812358080933669,7548
750,3812358080933762,1789633741963896832,3812358080941310,7548
751,3812358080941401,1789633741963905024,3812358080948955,7554
752,3812358080949046,1789633741963912192,3812358080956597,7551
753,3812358080956689,1789633741963920384,3812358080964237,7548
754,3812358080964329,1789633741963927552,3812358080971839,7510
755,3812358080971934,1789633741963934720,3812358080979428,7494
756,3812358080979519,1789633741963942912,3812358080987109,7590
757,3812358080987194,1789633741963950080,3812358080994949,7755
758,3812358080995041,1789633741963958272,3812358081002797,7756
759,3812358081002889,1789633741963966464,3812358081010507,7618
760,3812358081010599,1789633741963973632,3812358081018127,7528
761,3812358081018219,1789633741963981824,3812358081025875,7656
762,3812358081025967,1789633741963988992,3812358081033682,7715
763,3812358081033775,1789633741963997184,3812358081041317,7542
764,3812358081041409,1789633741964004352,3812358081048937,7528
765,3812358081049029,1789633741964012544,3812358081056561,7532
766,3812358081056654,1789633741964019712,3812358081064207,7553
767,3812358081064299,1789633741964027904,3812358081071865,7566
768,3812358081071951,1789633741964035072,3812358081079499,7548
769,3812358081079591,1789633741964043264,3812358081087130,7539
770,3812358081087215,1789633741964050432,3812358081094747,7532
771,3812358081094839,1789633741964057600,3812358081102369,7530
772,3812358081102455,1789633741964065792,3812358081109999,7544
773,3812358081110091,1789633741964072960,3812358081117634,7543
774,3812358081117727,1789633741964081152,3812358081125377,7650
775,3812358081125469,1789633741964088320,3812358081133002,7533
776,3812358081133095,1789633741964096512,3812358081140647,7552
777,3812358081140739,1789633741964103680,3812358081148244,7505
778,3812358081148336,1789633741964111872,3812358081155919,7583
779,3812358081156004,1789633741964119040,3812358081163575,7571
780,3812358081163667,1789633741964127232,3812358081171222,7555
781,3812358081171314,1789633741964134400,3812358081178851,7537
782,3812358081178944,1789633741964142592,3812358081186455,7511
783,3812358081186547,1789633741964149760,3812358081194077,7530
784,3812358081194168,1789633741964156928,3812358081201697,7529
785,3812358081201789,1789633741964165120,3812358081209318,7529
786,3812358081209409,1789633741964172288,3812358081217049,7640
787,3812358081217141,1789633741964180480,3812358081224684,7543
788,3812358081224776,1789633741964187648,3812358081232325,7549
789,3812358081232417,1789633741964195840,3812358081239955,7538
790,3812358081240047,1789633741964203008,3812358081247597,7550
791,3812358081247689,1789633741964211200,3812358081255254,7565
792,3812358081255346,1789633741964218368,3812358081262897,7551
793,3812358081262989,1789633741964226560,3812358081270534,7545
794,3812358081270629,1789633741964233728,3812358081278144,7515
795,3812358081278237,1789633741964241920,3812358081285734,7497
796,3812358081285826,1789633741964249088,3812358081293376,7550
797,3812358081293469,1789633741964256256,3812358081301057,7588
798,3812358081301149,1789633741964264448,3812358081308744,7595
799,3812358081308836,1789633741964271616,3812358081316389,7553
800,3812358081316484,1789633741964279808,3812358081324041,7557
801,3812358081324134,1789633741964286976,3812358081331727,7593
802,3812358081331811,1789633741964295168,3812358081339397,7586
803,3812358081339489,1789633741964302336,3812358081347054,7565
804,3812358081347146,1789633741964310528,3812358081354718,7572
805,3812358081354809,1789633741964317696,3812358081362354,7545
806,3812358081362447,1789633741964325888,3812358081369997,7550
807,3812358081370089,1789633741964333056,3812358081377627,7538
808,3812358081377712,1789633741964341248,3812358081385244,7532
809,3812358081385337,1789633741964348416,3812358081392877,7540
810,3812358081392969,1789633741964356608,3812358081400491,7522
811,3812358081400584,1789633741964363776,3812358081408247,7663
812,3812358081408339,1789633741964371968,3812358081415867,7528
813,3812358081415959,1789633741964379136,3812358081423509,7550
814,3812358081423601,1789633741964387328,3812358081431144,7543
815,3812358081431237,1789633741964394496,3812358081438802,7565
816,3812358081438894,1789633741964401664,3812358081446441,7547
817,3812358081446534,1789633741964409856,3812358081454089,7555
818,3812358081454184,1789633741964417024,3812358081461740,7556
819,3812358081461834,1789633741964425216,3812358081469357,7523
820,3812358081469449,1789633741964432384,3812358081476987,7538
821,3812358081477071,1789633741964440576,3812358081484604,7533
822,3812358081484697,1789633741964447744,3812358081492367,7670
823,3812358081492459,1789633741964455936,3812358081499992,7533
824,3812358081500084,1789633741964463104,3812358081507721,7637
825,3812358081507807,1789633741964471296,3812358081515347,7540
826,3812358081515439,1789633741964478464,3812358081522994,7555
827,3812358081523087,1789633741964486656,3812358081530617,7530
828,3812358081530711,1789633741964493824,3812358081538262,7551
829,3812358081538347,1789633741964502016,3812358081545917,7570
830,3812358081546009,1789633741964509184,3812358081553551,7542
831,3812358081553644,1789633741964517376,3812358081561194,7550
832,3812358081561287,1789633741964524544,3812358081568794,7507
833,3812358081568888,1789633741964531712,3812358081576417,7529
834,3812358081576509,1789633741964539904,3812358081584077,7568
835,3812358081584169,1789633741964547072,3812358081591824,7655
836,3812358081591917,1789633741964555264,3812358081600792,8875
837,3812358081600884,1789633741964564480,3812358081608501,7617
838,3812358081608594,1789633741964571648,3812358081616160,7566
839,3812358081616251,1789633741964579840,3812358081623802,7551
840,3812358081623894,1789633741964587008,3812358081631447,7553
841,3812358081631539,1789633741964595200,3812358081639064,7525
842,3812358081639159,1789633741964602368,3812358081646687,7528
843,3812358081646779,1789633741964609536,3812358081654292,7513
844,3812358081654384,1789633741964617728,3812358081662107,7723
845,3812358081662199,1789633741964625920,3812358081669907,7708
846,3812358081669999,1789633741964633088,3812358081677714,7715
847,3812358081677801,1789633741964641280,3812358081685500,7699
848,3812358081685592,1789633741964648448,3812358081693121,7529
849,3812358081693207,1789633741964656640,3812358081700854,7647
850,3812358081700949,1789633741964663808,3812358081708474,7525
851,3812358081708569,1789633741964672000,3812358081716124,7555
852,3812358081716219,1789633741964679168,3812358081723744,7525
853,3812358081723839,1789633741964687360,3812358081731364,7525
854,3812358081731459,1789633741964694528,3812358081739001,7542
855,3812358081739094,1789633741964702720,3812358081746664,7570
856,3812358081746762,1789633741964709888,3812358081754282,7520
857,3812358081754374,1789633741964718080,3812358081761905,7531
858,3812358081761998,1789633741964725248,3812358081769520,7522
859,3812358081769611,1789633741964732416,3812358081777179,7568
860,3812358081777271,1789633741964740608,3812358081784792,7521
861,3812358081784884,1789633741964747776,3812358081792554,7670
862,3812358081792647,1789633741964755968,3812358081800171,7524
863,3812358081800264,1789633741964763136,3812358081807827,7563
864,3812358081807911,1789633741964771328,3812358081815444,7533
865,3812358081815536,1789633741964778496,3812358081823087,7551
866,3812358081823179,1789633741964786688,3812358081830737,7558
867,3812358081830830,1789633741964793856,3812358081838387,7557
868,3812358081838479,1789633741964802048,3812358081846037,7558
869,3812358081846129,1789633741964809216,3812358081853654,7525
870,3812358081853746,1789633741964817408,3812358081861270,7524
871,3812358081861362,1789633741964824576,3812358081868889,7527
872,3812358081868977,1789633741964831744,3812358081876500,7523
873,3812358081876591,1789633741964839936,3812358081884241,7650
874,3812358081884334,1789633741964847104,3812358081891864,7530
875,3812358081891959,1789633741964855296,3812358081899504,7545
876,3812358081899596,1789633741964862464,3812358081907152,7556
877,3812358081907244,1789633741964870656,3812358081914809,7565
878,3812358081914901,1789633741964877824,3812358081922471,7570
879,3812358081922557,1789633741964886016,3812358081930124,7567
880,3812358081930218,1789633741964893184,3812358081937767,7549
881,3812358081937859,1789633741964901376,3812358081945404,7545
882,3812358081945497,1789633741964908544,3812358081953024,7527
883,3812358081953116,1789633741964916736,3812358081960647,7531
884,3812358081960731,1789633741964923904,3812358081968367,7636
885,3812358081968459,1789633741964932096,3812358081976184,7725
886,3812358081976277,1789633741964939264,3812358081983984,7707
887,3812358081984077,1789633741964947456,3812358081991604,7527
888,3812358081991697,1789633741964954624,3812358081999306,7609
889,3812358081999399,1789633741964962816,3812358082006717,7318
890,3812358082006809,1789633741964969984,3812358082014377,7568
891,3812358082014461,1789633741964978176,3812358082022002,7541
892,3812358082022094,1789633741964985344,3812358082029652,7558
893,3812358082029744,1789633741964992512,3812358082037287,7543
894,3812358082037379,1789633741965000704,3812358082044989,7610
895,3812358082045077,1789633741965007872,3812358082052604,7527
896,3812358082052699,1789633741965016064,3812358082060234,7535
897,3812358082060327,1789633741965023232,3812358082067849,7522
898,3812358082067941,1789633741965031424,3812358082075471,7530
899,3812358082075556,1789633741965038592,3812358082083232,7676
900,3812358082083324,1789633741965046784,3812358082091054,7730
901,3812358082091146,1789633741965053952,3812358082098832,7686
902,3812358082098924,1789633741965062144,3812358082106449,7525
903,3812358082106541,1789633741965069312,3812358082114094,7553
904,3812358082114186,1789633741965077504,3812358082121737,7551
905,3812358082121829,1789633741965084672,3812358082129387,7558
906,3812358082129479,1789633741965092864,3812358082137042,7563
907,3812358082137134,1789633741965100032,3812358082144687,7553
908,3812358082144779,1789633741965108224,3812358082152307,7528
909,3812358082152399,1789633741965115392,3812358082159917,7518
910,3812358082160009,1789633741965123584,3812358082167539,7530
911,3812358082167627,1789633741965130752,3812358082175149,7522
912,3812358082175241,1789633741965138944,3812358082182769,7528
913,3812358082182861,1789633741965146112,3812358082190532,7671
914,3812358082190624,1789633741965154304,3812358082198359,7735
915,3812358082198444,1789633741965161472,3812358082206127,7683
916,3812358082206219,1789633741965169664,3812358082213747,7528
917,3812358082213839,1789633741965176832,3812358082221401,7562
918,3812358082221494,1789633741965185024,3812358082229027,7533
919,3812358082229112,1789633741965192192,3812358082236637,7525
920,3812358082236729,1789633741965200384,3812358082244287,7558
921,3812358082244379,1789633741965207552,3812358082251922,7543
922,3812358082252014,1789633741965215744,3812358082259572,7558
923,3812358082259664,1789633741965222912,3812358082267232,7568
924,3812358082267317,1789633741965230080,3812358082274834,7517
925,3812358082274927,1789633741965238272,3812358082282451,7524
926,3812358082282544,1789633741965245440,3812358082290067,7523
927,3812358082290159,1789633741965253632,3812358082297812,7653
928,3812358082297904,1789633741965260800,3812358082305427,7523
929,3812358082305519,1789633741965268992,3812358082313034,7515
930,3812358082313129,1789633741965276160,3812358082320674,7545
931,3812358082320766,1789633741965284352,3812358082328317,7551
932,3812358082328409,1789633741965291520,3812358082335954,7545
933,3812358082336049,1789633741965299712,3812358082343614,7565
934,3812358082343709,1789633741965306880,3812358082351237,7528
935,3812358082351329,1789633741965314048,3812358082358844,7515
936,3812358082358939,1789633741965322240,3812358082366454,7515
937,3812358082366546,1789633741965329408,3812358082374134,7588
938,3812358082374226,1789633741965337600,3812358082381959,7733
939,3812358082382044,1789633741965344768,3812358082389757,7713
940,3812358082389849,1789633741965352960,3812358082397574,7725
941,3812358082397669,1789633741965361152,3812358082405357,7688
942,3812358082405449,1789633741965368320,3812358082412979,7530
943,3812358082413064,1789633741965376512,3812358082420719,7655
944,3812358082420804,1789633741965383680,3812358082428331,7527
945,3812358082428417,1789633741965391872,3812358082435977,7560
946,3812358082436069,1789633741965399040,3812358082443634,7565
947,3812358082443727,1789633741965407232,3812358082451276,7549
948,3812358082451369,1789633741965414400,3812358082458921,7552
949,3812358082459014,1789633741965422592,3812358082466572,7558
950,3812358082466664,1789633741965429760,3812358082474189,7525
951,3812358082474284,1789633741965437952,3812358082481809,7525
952,3812358082481901,1789633741965445120,3812358082489424,7523
953,3812358082489517,1789633741965452288,3812358082497041,7524
954,3812358082497134,1789633741965460480,3812358082504641,7507
955,3812358082504734,1789633741965467648,3812358082512417,7683
956,3812358082512509,1789633741965475840,3812358082520024,7515
957,3812358082520117,1789633741965483008,3812358082527674,7557
958,3812358082527766,1789633741965491200,3812358082535291,7525
959,3812358082535384,1789633741965498368,3812358082542941,7557
960,3812358082543036,1789633741965506560,3812358082550594,7558
961,3812358082550686,1789633741965513728,3812358082558247,7561
962,3812358082558331,1789633741965521920,3812358082565872,7541
963,3812358082565964,1789633741965529088,3812358082573484,7520
964,3812358082573577,1789633741965537280,3812358082581097,7520
965,3812358082581189,1789633741965544448,3812358082588731,7542
966,3812358082588824,1789633741965551616,3812358082596547,7723
967,3812358082596639,1789633741965559808,3812358082604354,7715
968,3812358082604446,1789633741965568000,3812358082612142,7696
969,3812358082612227,1789633741965575168,3812358082619954,7727
970,3812358082620047,1789633741965583360,3812358082627767,7720
971,3812358082627861,1789633741965591552,3812358082635547,7686
972,3812358082635639,1789633741965598720,3812358082643167,7528
973,3812358082643259,1789633741965606912,3812358082650914,7655
974,3812358082651001,1789633741965614080,3812358082658527,7526
975,3812358082658619,1789633741965622272,3812358082666132,7513
976,3812358082666224,1789633741965629440,3812358082673789,7565
977,3812358082673877,1789633741965636608,3812358082681432,7555
978,3812358082681524,1789633741965644800,3812358082689094,7570
979,3812358082689187,1789633741965651968,3812358082696732,7545
980,3812358082696824,1789633741965660160,3812358082704374,7550
981,3812358082704467,1789633741965667328,3812358082711987,7520
982,3812358082712079,1789633741965675520,3812358082719607,7528
983,3812358082719699,1789633741965682688,3812358082727264,7565
984,3812358082727351,1789633741965690880,3812358082735034,7683
985,3812358082735127,1789633741965698048,3812358082742657,7530
986,3812358082742741,1789633741965706240,3812358082750417,7676
987,3812358082750509,1789633741965713408,3812358082758232,7723
988,3812358082758324,1789633741965721600,3812358082766047,7723
989,3812358082766139,1789633741965729792,3812358082773824,7685
990,3812358082773917,1789633741965736960,3812358082781441,7524
991,3812358082781534,1789633741965745152,3812358082789087,7553
992,3812358082789179,1789633741965752320,3812358082796707,7528
993,3812358082796799,1789633741965760512,3812358082804357,7558
994,3812358082804449,1789633741965767680,3812358082812007,7558
995,3812358082812099,1789633741965774848,3812358082819642,7543
996,3812358082819734,1789633741965783040,3812358082827291,7557
997,3812358082827384,1789633741965790208,3812358082834971,7587
998,3812358082835064,1789633741965798400,3812358082842607,7543
999,3812358082842699,1789633741965805568,3812358082850217,7518
