run_id,run_kind,source,source_record_id,source_column,raw_event_type,raw_timestamp,clock_domain,normalized_timestamp,gpu_uuid,pid,profiler_context_id,associated_role,rm_group,hardware_tsg_id,association_method,interpretation,uncertainty
D1,diagnostic,CUPTI_ACTIVITY_KIND_RUNTIME,382070,start,cudaLaunchKernel_v7000_begin,1540139373,nsys_session_ns,1540139373,99e4e85f1945866c9e00130b51df7908,2393380,,BG,,,,host CUDA API call in submission annotation,
D1,diagnostic,CUPTI_ACTIVITY_KIND_RUNTIME,382071,start,cudaLaunchKernel_v7000_begin,1540198836,nsys_session_ns,1540198836,99e4e85f1945866c9e00130b51df7908,2393380,,BG,,,,host CUDA API call in submission annotation,
D1,diagnostic,CUPTI_ACTIVITY_KIND_RUNTIME,382072,start,cudaEventRecord_v3020_begin,1540210789,nsys_session_ns,1540210789,99e4e85f1945866c9e00130b51df7908,2393380,,BG,,,,host CUDA API call in submission annotation,
D1,diagnostic,CUPTI_ACTIVITY_KIND_RUNTIME,382073,start,cudaLaunchKernel_v7000_begin,1543377274,nsys_session_ns,1543377274,99e4e85f1945866c9e00130b51df7908,2393301,,INT,,,,host CUDA API call in submission annotation,
D1,diagnostic,CUPTI_ACTIVITY_KIND_RUNTIME,382074,start,cudaLaunchKernel_v7000_begin,1543400493,nsys_session_ns,1543400493,99e4e85f1945866c9e00130b51df7908,2393301,,INT,,,,host CUDA API call in submission annotation,
D1,diagnostic,CUPTI_ACTIVITY_KIND_RUNTIME,382075,start,cudaEventRecord_v3020_begin,1543407437,nsys_session_ns,1543407437,99e4e85f1945866c9e00130b51df7908,2393301,,INT,,,,host CUDA API call in submission annotation,
D1,diagnostic,NVTX_EVENTS,1,start,AP/phase7/D1/BG/2393380/0/owner_init_begin,145439532,nsys_session_ns,145439532,99e4e85f1945866c9e00130b51df7908,2393380,,BG,,,,host annotation; PREEMPT envelope is not pure hardware time,
D1,diagnostic,NVTX_EVENTS,2,start,AP/phase7/D1/INT/2393301/0/owner_init_begin,988879259,nsys_session_ns,988879259,99e4e85f1945866c9e00130b51df7908,2393301,,INT,,,,host annotation; PREEMPT envelope is not pure hardware time,
D1,diagnostic,NVTX_EVENTS,3,start,AP/phase7/D1/INT/2393301/0/trial_begin,1540015914,nsys_session_ns,1540015914,99e4e85f1945866c9e00130b51df7908,2393301,,INT,,,,host annotation; PREEMPT envelope is not pure hardware time,
D1,diagnostic,NVTX_EVENTS,3,end,AP/phase7/D1/INT/2393301/0/trial_end,1608485715,nsys_session_ns,1608485715,99e4e85f1945866c9e00130b51df7908,2393301,,INT,,,,,
D1,diagnostic,NVTX_EVENTS,4,start,AP/phase7/D1/BG/2393380/0/bg_submit_begin,1540108982,nsys_session_ns,1540108982,99e4e85f1945866c9e00130b51df7908,2393380,,BG,,,,host annotation; PREEMPT envelope is not pure hardware time,
D1,diagnostic,NVTX_EVENTS,4,end,AP/phase7/D1/BG/2393380/0/bg_submit_end,1540219845,nsys_session_ns,1540219845,99e4e85f1945866c9e00130b51df7908,2393380,,BG,,,,,
D1,diagnostic,NVTX_EVENTS,5,start,AP/phase7/D1/INT/2393301/0/interaction_begin,1543368432,nsys_session_ns,1543368432,99e4e85f1945866c9e00130b51df7908,2393301,,INT,,,,host annotation; PREEMPT envelope is not pure hardware time,
D1,diagnostic,NVTX_EVENTS,6,start,AP/phase7/D1/INT/2393301/0/int_submit_begin,1543371452,nsys_session_ns,1543371452,99e4e85f1945866c9e00130b51df7908,2393301,,INT,,,,host annotation; PREEMPT envelope is not pure hardware time,
D1,diagnostic,NVTX_EVENTS,6,end,AP/phase7/D1/INT/2393301/0/int_submit_end,1543415321,nsys_session_ns,1543415321,99e4e85f1945866c9e00130b51df7908,2393301,,INT,,,,,
D1,diagnostic,NVTX_EVENTS,7,start,AP/phase7/D1/BG/2393380/2/owner_prepare_and_action_begin,1543433028,nsys_session_ns,1543433028,99e4e85f1945866c9e00130b51df7908,2393380,,BG,,,,host annotation; PREEMPT envelope is not pure hardware time,
D1,diagnostic,NVTX_EVENTS,7,end,AP/phase7/D1/BG/2393380/2/owner_prepare_and_action_end,1543965668,nsys_session_ns,1543965668,99e4e85f1945866c9e00130b51df7908,2393380,,BG,,,,,
D1,diagnostic,NVTX_EVENTS,8,start,AP/phase7/D1/BG/2393380/3/preempt_ioctl_envelope_begin,1543460894,nsys_session_ns,1543460894,99e4e85f1945866c9e00130b51df7908,2393380,,BG,,,,host annotation; PREEMPT envelope is not pure hardware time,
D1,diagnostic,NVTX_EVENTS,8,end,AP/phase7/D1/BG/2393380/3/preempt_ioctl_envelope_end,1543965311,nsys_session_ns,1543965311,99e4e85f1945866c9e00130b51df7908,2393380,,BG,,,,,
D1,diagnostic,NVTX_EVENTS,9,start,AP/phase7/D1/BG/2393380/0/bg_original_complete_begin,1605576835,nsys_session_ns,1605576835,99e4e85f1945866c9e00130b51df7908,2393380,,BG,,,,host annotation; PREEMPT envelope is not pure hardware time,
D1,diagnostic,NVTX_EVENTS,10,start,AP/phase7/D1/INT/2393301/0/trial_done_begin,1605996003,nsys_session_ns,1605996003,99e4e85f1945866c9e00130b51df7908,2393301,,INT,,,,host annotation; PREEMPT envelope is not pure hardware time,
D1,diagnostic,NVTX_EVENTS,11,start,AP/phase7/D1/BG/2393380/0/bg_short_reuse_begin,1608220394,nsys_session_ns,1608220394,99e4e85f1945866c9e00130b51df7908,2393380,,BG,,,,host annotation; PREEMPT envelope is not pure hardware time,
D1,diagnostic,NVTX_EVENTS,11,end,AP/phase7/D1/BG/2393380/0/bg_short_reuse_end,1608484690,nsys_session_ns,1608484690,99e4e85f1945866c9e00130b51df7908,2393380,,BG,,,,,
D1,diagnostic,GPU_CONTEXT_SWITCH_EVENTS,1,timestamp,RESTORE_START,737146608,nsys_session_ns,737146608,99e4e85f1945866c9e00130b51df7908,2393380,476476,BG,,,outside_workload_association_window,raw Nsight switch operation; no SM residency or register-save duration inferred,scoped process/workload association; native CUDA<->switch hardware-ID mapping unavailable
D1,diagnostic,GPU_CONTEXT_SWITCH_EVENTS,2,timestamp,SAVE_END,762815012,nsys_session_ns,762815012,99e4e85f1945866c9e00130b51df7908,2393380,476476,BG,,,outside_workload_association_window,raw Nsight switch operation; no SM residency or register-save duration inferred,scoped process/workload association; native CUDA<->switch hardware-ID mapping unavailable
D1,diagnostic,GPU_CONTEXT_SWITCH_EVENTS,3,timestamp,RESTORE_START,764060777,nsys_session_ns,764060777,99e4e85f1945866c9e00130b51df7908,2393380,476476,BG,,,outside_workload_association_window,raw Nsight switch operation; no SM residency or register-save duration inferred,scoped process/workload association; native CUDA<->switch hardware-ID mapping unavailable
D1,diagnostic,GPU_CONTEXT_SWITCH_EVENTS,4,timestamp,SAVE_END,1487429758,nsys_session_ns,1487429758,99e4e85f1945866c9e00130b51df7908,2393380,476476,BG,,,outside_workload_association_window,raw Nsight switch operation; no SM residency or register-save duration inferred,scoped process/workload association; native CUDA<->switch hardware-ID mapping unavailable
D1,diagnostic,GPU_CONTEXT_SWITCH_EVENTS,5,timestamp,RESTORE_START,1487619807,nsys_session_ns,1487619807,99e4e85f1945866c9e00130b51df7908,2393301,476500,INT,,,outside_workload_association_window,raw Nsight switch operation; no SM residency or register-save duration inferred,scoped process/workload association; native CUDA<->switch hardware-ID mapping unavailable
D1,diagnostic,GPU_CONTEXT_SWITCH_EVENTS,6,timestamp,SAVE_END,1510330085,nsys_session_ns,1510330085,99e4e85f1945866c9e00130b51df7908,2393301,476500,INT,,,outside_workload_association_window,raw Nsight switch operation; no SM residency or register-save duration inferred,scoped process/workload association; native CUDA<->switch hardware-ID mapping unavailable
D1,diagnostic,GPU_CONTEXT_SWITCH_EVENTS,7,timestamp,RESTORE_START,1511174729,nsys_session_ns,1511174729,99e4e85f1945866c9e00130b51df7908,2393301,476500,INT,,,outside_workload_association_window,raw Nsight switch operation; no SM residency or register-save duration inferred,scoped process/workload association; native CUDA<->switch hardware-ID mapping unavailable
D1,diagnostic,GPU_CONTEXT_SWITCH_EVENTS,8,timestamp,SAVE_END,1540253836,nsys_session_ns,1540253836,99e4e85f1945866c9e00130b51df7908,2393301,476500,INT,,,outside_workload_association_window,raw Nsight switch operation; no SM residency or register-save duration inferred,scoped process/workload association; native CUDA<->switch hardware-ID mapping unavailable
D1,diagnostic,GPU_CONTEXT_SWITCH_EVENTS,9,timestamp,RESTORE_START,1540350988,nsys_session_ns,1540350988,99e4e85f1945866c9e00130b51df7908,2393380,476477,BG,1543503948,6,current_PID_GPU_trial_workload_context_and_unique_compute_group; scoped_inference_not_ID_equivalence,raw Nsight switch operation; no SM residency or register-save duration inferred,scoped process/workload association; native CUDA<->switch hardware-ID mapping unavailable
D1,diagnostic,GPU_CONTEXT_SWITCH_EVENTS,10,timestamp,SAVE_END,1543676731,nsys_session_ns,1543676731,99e4e85f1945866c9e00130b51df7908,2393380,476477,BG,1543503948,6,current_PID_GPU_trial_workload_context_and_unique_compute_group; scoped_inference_not_ID_equivalence,raw Nsight switch operation; no SM residency or register-save duration inferred,scoped process/workload association; native CUDA<->switch hardware-ID mapping unavailable
D1,diagnostic,GPU_CONTEXT_SWITCH_EVENTS,11,timestamp,RESTORE_START,1543771195,nsys_session_ns,1543771195,99e4e85f1945866c9e00130b51df7908,2393301,476501,INT,1543503948,10,current_PID_GPU_trial_workload_context_and_unique_compute_group; scoped_inference_not_ID_equivalence,raw Nsight switch operation; no SM residency or register-save duration inferred,scoped process/workload association; native CUDA<->switch hardware-ID mapping unavailable
D1,diagnostic,GPU_CONTEXT_SWITCH_EVENTS,12,timestamp,SAVE_END,1544098845,nsys_session_ns,1544098845,99e4e85f1945866c9e00130b51df7908,2393301,476501,INT,1543503948,10,current_PID_GPU_trial_workload_context_and_unique_compute_group; scoped_inference_not_ID_equivalence,raw Nsight switch operation; no SM residency or register-save duration inferred,scoped process/workload association; native CUDA<->switch hardware-ID mapping unavailable
D1,diagnostic,GPU_CONTEXT_SWITCH_EVENTS,13,timestamp,RESTORE_START,1544195069,nsys_session_ns,1544195069,99e4e85f1945866c9e00130b51df7908,2393380,476477,BG,1543503948,6,current_PID_GPU_trial_workload_context_and_unique_compute_group; scoped_inference_not_ID_equivalence,raw Nsight switch operation; no SM residency or register-save duration inferred,scoped process/workload association; native CUDA<->switch hardware-ID mapping unavailable
D1,diagnostic,GPU_CONTEXT_SWITCH_EVENTS,14,timestamp,SAVE_END,1611415724,nsys_session_ns,1611415724,99e4e85f1945866c9e00130b51df7908,2393380,476477,BG,,,outside_workload_association_window,raw Nsight switch operation; no SM residency or register-save duration inferred,scoped process/workload association; native CUDA<->switch hardware-ID mapping unavailable
D1,diagnostic,GPU_CONTEXT_SWITCH_EVENTS,15,timestamp,RESTORE_START,1611511756,nsys_session_ns,1611511756,99e4e85f1945866c9e00130b51df7908,2393301,476501,INT,,,outside_workload_association_window,raw Nsight switch operation; no SM residency or register-save duration inferred,scoped process/workload association; native CUDA<->switch hardware-ID mapping unavailable
D1,diagnostic,GPU_CONTEXT_SWITCH_EVENTS,16,timestamp,SAVE_END,1621894779,nsys_session_ns,1621894779,99e4e85f1945866c9e00130b51df7908,2393301,476501,INT,,,outside_workload_association_window,raw Nsight switch operation; no SM residency or register-save duration inferred,scoped process/workload association; native CUDA<->switch hardware-ID mapping unavailable
D1,diagnostic,GPU_CONTEXT_SWITCH_EVENTS,17,timestamp,RESTORE_START,1621989947,nsys_session_ns,1621989947,99e4e85f1945866c9e00130b51df7908,2393380,476477,BG,,,outside_workload_association_window,raw Nsight switch operation; no SM residency or register-save duration inferred,scoped process/workload association; native CUDA<->switch hardware-ID mapping unavailable
D1,diagnostic,GPU_CONTEXT_SWITCH_EVENTS,18,timestamp,SAVE_END,1638277156,nsys_session_ns,1638277156,99e4e85f1945866c9e00130b51df7908,2393380,476477,BG,,,outside_workload_association_window,raw Nsight switch operation; no SM residency or register-save duration inferred,scoped process/workload association; native CUDA<->switch hardware-ID mapping unavailable
D1,diagnostic,CUPTI_ACTIVITY_KIND_KERNEL,1,start,"ap::arithmetic(unsigned int *, unsigned long, ap::Telemetry *, unsigned long, bool, bool, unsigned int, unsigned int, unsigned long long *)_start",778722603,nsys_session_ns,778722603,99e4e85f1945866c9e00130b51df7908,2393380,1,BG,,,,kernel lifetime endpoint; not continuous SM occupancy,
D1,diagnostic,CUPTI_ACTIVITY_KIND_KERNEL,1,end,"ap::arithmetic(unsigned int *, unsigned long, ap::Telemetry *, unsigned long, bool, bool, unsigned int, unsigned int, unsigned long long *)_end",869078497,nsys_session_ns,869078497,99e4e85f1945866c9e00130b51df7908,2393380,1,BG,,,,kernel lifetime endpoint; not continuous SM occupancy,
D1,diagnostic,CUPTI_ACTIVITY_KIND_KERNEL,2,start,ap::finish_marker(ap::Telemetry *)_start,869093794,nsys_session_ns,869093794,99e4e85f1945866c9e00130b51df7908,2393380,1,BG,,,,kernel lifetime endpoint; not continuous SM occupancy,
D1,diagnostic,CUPTI_ACTIVITY_KIND_KERNEL,2,end,ap::finish_marker(ap::Telemetry *)_end,869106882,nsys_session_ns,869106882,99e4e85f1945866c9e00130b51df7908,2393380,1,BG,,,,kernel lifetime endpoint; not continuous SM occupancy,
D1,diagnostic,CUPTI_ACTIVITY_KIND_KERNEL,3,start,"ap::arithmetic(unsigned int *, unsigned long, ap::Telemetry *, unsigned long, bool, bool, unsigned int, unsigned int, unsigned long long *)_start",869178850,nsys_session_ns,869178850,99e4e85f1945866c9e00130b51df7908,2393380,1,BG,,,,kernel lifetime endpoint; not continuous SM occupancy,
D1,diagnostic,CUPTI_ACTIVITY_KIND_KERNEL,3,end,"ap::arithmetic(unsigned int *, unsigned long, ap::Telemetry *, unsigned long, bool, bool, unsigned int, unsigned int, unsigned long long *)_end",974997566,nsys_session_ns,974997566,99e4e85f1945866c9e00130b51df7908,2393380,1,BG,,,,kernel lifetime endpoint; not continuous SM occupancy,
D1,diagnostic,CUPTI_ACTIVITY_KIND_KERNEL,4,start,ap::finish_marker(ap::Telemetry *)_start,974998782,nsys_session_ns,974998782,99e4e85f1945866c9e00130b51df7908,2393380,1,BG,,,,kernel lifetime endpoint; not continuous SM occupancy,
D1,diagnostic,CUPTI_ACTIVITY_KIND_KERNEL,4,end,ap::finish_marker(ap::Telemetry *)_end,975006334,nsys_session_ns,975006334,99e4e85f1945866c9e00130b51df7908,2393380,1,BG,,,,kernel lifetime endpoint; not continuous SM occupancy,
D1,diagnostic,CUPTI_ACTIVITY_KIND_KERNEL,5,start,"ap::ping_calibration(ap::Telemetry *, unsigned int)_start",975384704,nsys_session_ns,975384704,99e4e85f1945866c9e00130b51df7908,2393380,1,BG,,,,kernel lifetime endpoint; not continuous SM occupancy,
D1,diagnostic,CUPTI_ACTIVITY_KIND_KERNEL,5,end,"ap::ping_calibration(ap::Telemetry *, unsigned int)_end",982559136,nsys_session_ns,982559136,99e4e85f1945866c9e00130b51df7908,2393380,1,BG,,,,kernel lifetime endpoint; not continuous SM occupancy,
D1,diagnostic,CUPTI_ACTIVITY_KIND_KERNEL,6,start,"ap::arithmetic(unsigned int *, unsigned long, ap::Telemetry *, unsigned long, bool, bool, unsigned int, unsigned int, unsigned long long *)_start",982963650,nsys_session_ns,982963650,99e4e85f1945866c9e00130b51df7908,2393380,1,BG,,,,kernel lifetime endpoint; not continuous SM occupancy,
D1,diagnostic,CUPTI_ACTIVITY_KIND_KERNEL,6,end,"ap::arithmetic(unsigned int *, unsigned long, ap::Telemetry *, unsigned long, bool, bool, unsigned int, unsigned int, unsigned long long *)_end",982974722,nsys_session_ns,982974722,99e4e85f1945866c9e00130b51df7908,2393380,1,BG,,,,kernel lifetime endpoint; not continuous SM occupancy,
D1,diagnostic,CUPTI_ACTIVITY_KIND_KERNEL,7,start,ap::finish_marker(ap::Telemetry *)_start,982975746,nsys_session_ns,982975746,99e4e85f1945866c9e00130b51df7908,2393380,1,BG,,,,kernel lifetime endpoint; not continuous SM occupancy,
D1,diagnostic,CUPTI_ACTIVITY_KIND_KERNEL,7,end,ap::finish_marker(ap::Telemetry *)_end,982983426,nsys_session_ns,982983426,99e4e85f1945866c9e00130b51df7908,2393380,1,BG,,,,kernel lifetime endpoint; not continuous SM occupancy,
D1,diagnostic,CUPTI_ACTIVITY_KIND_KERNEL,8,start,"ap::arithmetic(unsigned int *, unsigned long, ap::Telemetry *, unsigned long, bool, bool, unsigned int, unsigned int, unsigned long long *)_start",1525373705,nsys_session_ns,1525373705,99e4e85f1945866c9e00130b51df7908,2393301,1,INT,,,,kernel lifetime endpoint; not continuous SM occupancy,
D1,diagnostic,CUPTI_ACTIVITY_KIND_KERNEL,8,end,"ap::arithmetic(unsigned int *, unsigned long, ap::Telemetry *, unsigned long, bool, bool, unsigned int, unsigned int, unsigned long long *)_end",1525564266,nsys_session_ns,1525564266,99e4e85f1945866c9e00130b51df7908,2393301,1,INT,,,,kernel lifetime endpoint; not continuous SM occupancy,
D1,diagnostic,CUPTI_ACTIVITY_KIND_KERNEL,9,start,ap::finish_marker(ap::Telemetry *)_start,1525574186,nsys_session_ns,1525574186,99e4e85f1945866c9e00130b51df7908,2393301,1,INT,,,,kernel lifetime endpoint; not continuous SM occupancy,
D1,diagnostic,CUPTI_ACTIVITY_KIND_KERNEL,9,end,ap::finish_marker(ap::Telemetry *)_end,1525583018,nsys_session_ns,1525583018,99e4e85f1945866c9e00130b51df7908,2393301,1,INT,,,,kernel lifetime endpoint; not continuous SM occupancy,
D1,diagnostic,CUPTI_ACTIVITY_KIND_KERNEL,10,start,"ap::arithmetic(unsigned int *, unsigned long, ap::Telemetry *, unsigned long, bool, bool, unsigned int, unsigned int, unsigned long long *)_start",1525619530,nsys_session_ns,1525619530,99e4e85f1945866c9e00130b51df7908,2393301,1,INT,,,,kernel lifetime endpoint; not continuous SM occupancy,
D1,diagnostic,CUPTI_ACTIVITY_KIND_KERNEL,10,end,"ap::arithmetic(unsigned int *, unsigned long, ap::Telemetry *, unsigned long, bool, bool, unsigned int, unsigned int, unsigned long long *)_end",1525867211,nsys_session_ns,1525867211,99e4e85f1945866c9e00130b51df7908,2393301,1,INT,,,,kernel lifetime endpoint; not continuous SM occupancy,
D1,diagnostic,CUPTI_ACTIVITY_KIND_KERNEL,11,start,ap::finish_marker(ap::Telemetry *)_start,1525868363,nsys_session_ns,1525868363,99e4e85f1945866c9e00130b51df7908,2393301,1,INT,,,,kernel lifetime endpoint; not continuous SM occupancy,
D1,diagnostic,CUPTI_ACTIVITY_KIND_KERNEL,11,end,ap::finish_marker(ap::Telemetry *)_end,1525875979,nsys_session_ns,1525875979,99e4e85f1945866c9e00130b51df7908,2393301,1,INT,,,,kernel lifetime endpoint; not continuous SM occupancy,
D1,diagnostic,CUPTI_ACTIVITY_KIND_KERNEL,12,start,"ap::ping_calibration(ap::Telemetry *, unsigned int)_start",1526161324,nsys_session_ns,1526161324,99e4e85f1945866c9e00130b51df7908,2393301,1,INT,,,,kernel lifetime endpoint; not continuous SM occupancy,
D1,diagnostic,CUPTI_ACTIVITY_KIND_KERNEL,12,end,"ap::ping_calibration(ap::Telemetry *, unsigned int)_end",1533206796,nsys_session_ns,1533206796,99e4e85f1945866c9e00130b51df7908,2393301,1,INT,,,,kernel lifetime endpoint; not continuous SM occupancy,
D1,diagnostic,CUPTI_ACTIVITY_KIND_KERNEL,13,start,"ap::arithmetic(unsigned int *, unsigned long, ap::Telemetry *, unsigned long, bool, bool, unsigned int, unsigned int, unsigned long long *)_start",1540356044,nsys_session_ns,1540356044,99e4e85f1945866c9e00130b51df7908,2393380,1,BG,,,,kernel lifetime endpoint; not continuous SM occupancy,
D1,diagnostic,CUPTI_ACTIVITY_KIND_KERNEL,13,end,"ap::arithmetic(unsigned int *, unsigned long, ap::Telemetry *, unsigned long, bool, bool, unsigned int, unsigned int, unsigned long long *)_end",1605308240,nsys_session_ns,1605308240,99e4e85f1945866c9e00130b51df7908,2393380,1,BG,,,,kernel lifetime endpoint; not continuous SM occupancy,
D1,diagnostic,CUPTI_ACTIVITY_KIND_KERNEL,14,start,"ap::arithmetic(unsigned int *, unsigned long, ap::Telemetry *, unsigned long, bool, bool, unsigned int, unsigned int, unsigned long long *)_start",1543776187,nsys_session_ns,1543776187,99e4e85f1945866c9e00130b51df7908,2393301,1,INT,,,,kernel lifetime endpoint; not continuous SM occupancy,
D1,diagnostic,CUPTI_ACTIVITY_KIND_KERNEL,14,end,"ap::arithmetic(unsigned int *, unsigned long, ap::Telemetry *, unsigned long, bool, bool, unsigned int, unsigned int, unsigned long long *)_end",1544024637,nsys_session_ns,1544024637,99e4e85f1945866c9e00130b51df7908,2393301,1,INT,,,,kernel lifetime endpoint; not continuous SM occupancy,
D1,diagnostic,CUPTI_ACTIVITY_KIND_KERNEL,15,start,ap::finish_marker(ap::Telemetry *)_start,1544025757,nsys_session_ns,1544025757,99e4e85f1945866c9e00130b51df7908,2393301,1,INT,,,,kernel lifetime endpoint; not continuous SM occupancy,
D1,diagnostic,CUPTI_ACTIVITY_KIND_KERNEL,15,end,ap::finish_marker(ap::Telemetry *)_end,1544033725,nsys_session_ns,1544033725,99e4e85f1945866c9e00130b51df7908,2393301,1,INT,,,,kernel lifetime endpoint; not continuous SM occupancy,
D1,diagnostic,CUPTI_ACTIVITY_KIND_KERNEL,16,start,ap::finish_marker(ap::Telemetry *)_start,1605310544,nsys_session_ns,1605310544,99e4e85f1945866c9e00130b51df7908,2393380,1,BG,,,,kernel lifetime endpoint; not continuous SM occupancy,
D1,diagnostic,CUPTI_ACTIVITY_KIND_KERNEL,16,end,ap::finish_marker(ap::Telemetry *)_end,1605319024,nsys_session_ns,1605319024,99e4e85f1945866c9e00130b51df7908,2393380,1,BG,,,,kernel lifetime endpoint; not continuous SM occupancy,
D1,diagnostic,CUPTI_ACTIVITY_KIND_KERNEL,17,start,"ap::arithmetic(unsigned int *, unsigned long, ap::Telemetry *, unsigned long, bool, bool, unsigned int, unsigned int, unsigned long long *)_start",1608268189,nsys_session_ns,1608268189,99e4e85f1945866c9e00130b51df7908,2393380,1,BG,,,,kernel lifetime endpoint; not continuous SM occupancy,
D1,diagnostic,CUPTI_ACTIVITY_KIND_KERNEL,17,end,"ap::arithmetic(unsigned int *, unsigned long, ap::Telemetry *, unsigned long, bool, bool, unsigned int, unsigned int, unsigned long long *)_end",1608292158,nsys_session_ns,1608292158,99e4e85f1945866c9e00130b51df7908,2393380,1,BG,,,,kernel lifetime endpoint; not continuous SM occupancy,
D1,diagnostic,CUPTI_ACTIVITY_KIND_KERNEL,18,start,ap::finish_marker(ap::Telemetry *)_start,1608293246,nsys_session_ns,1608293246,99e4e85f1945866c9e00130b51df7908,2393380,1,BG,,,,kernel lifetime endpoint; not continuous SM occupancy,
D1,diagnostic,CUPTI_ACTIVITY_KIND_KERNEL,18,end,ap::finish_marker(ap::Telemetry *)_end,1608300414,nsys_session_ns,1608300414,99e4e85f1945866c9e00130b51df7908,2393380,1,BG,,,,kernel lifetime endpoint; not continuous SM occupancy,
D1,diagnostic,CUPTI_ACTIVITY_KIND_KERNEL,19,start,"ap::ping_calibration(ap::Telemetry *, unsigned int)_start",1611516780,nsys_session_ns,1611516780,99e4e85f1945866c9e00130b51df7908,2393301,1,INT,,,,kernel lifetime endpoint; not continuous SM occupancy,
D1,diagnostic,CUPTI_ACTIVITY_KIND_KERNEL,19,end,"ap::ping_calibration(ap::Telemetry *, unsigned int)_end",1618549516,nsys_session_ns,1618549516,99e4e85f1945866c9e00130b51df7908,2393301,1,INT,,,,kernel lifetime endpoint; not continuous SM occupancy,
D1,diagnostic,CUPTI_ACTIVITY_KIND_KERNEL,20,start,"ap::ping_calibration(ap::Telemetry *, unsigned int)_start",1621995771,nsys_session_ns,1621995771,99e4e85f1945866c9e00130b51df7908,2393380,1,BG,,,,kernel lifetime endpoint; not continuous SM occupancy,
D1,diagnostic,CUPTI_ACTIVITY_KIND_KERNEL,20,end,"ap::ping_calibration(ap::Telemetry *, unsigned int)_end",1629295740,nsys_session_ns,1629295740,99e4e85f1945866c9e00130b51df7908,2393380,1,BG,,,,kernel lifetime endpoint; not continuous SM occupancy,
D1,diagnostic,worker/raw.csv,2,T_cpu_trigger,T_cpu_trigger,3815992268821442,CLOCK_MONOTONIC_RAW,,99e4e85f1945866c9e00130b51df7908,2393301,,INT,,,,block0/thread0 marker proxy or host observation; not a hardware context-switch timestamp,
D1,diagnostic,worker/raw.csv,2,T_int_submit_begin,T_int_submit_begin,3815992268823904,CLOCK_MONOTONIC_RAW,,99e4e85f1945866c9e00130b51df7908,2393301,,INT,,,,block0/thread0 marker proxy or host observation; not a hardware context-switch timestamp,
D1,diagnostic,worker/raw.csv,2,T_int_submit_end,T_int_submit_end,3815992268867059,CLOCK_MONOTONIC_RAW,,99e4e85f1945866c9e00130b51df7908,2393301,,INT,,,,block0/thread0 marker proxy or host observation; not a hardware context-switch timestamp,
D1,diagnostic,worker/raw.csv,2,T_ipc_send,T_ipc_send,3815992268868072,CLOCK_MONOTONIC_RAW,,99e4e85f1945866c9e00130b51df7908,2393301,,INT,,,,block0/thread0 marker proxy or host observation; not a hardware context-switch timestamp,
D1,diagnostic,worker/raw.csv,2,T_ipc_received,T_ipc_received,3815992268868215,CLOCK_MONOTONIC_RAW,,99e4e85f1945866c9e00130b51df7908,2393380,,BG,,,,block0/thread0 marker proxy or host observation; not a hardware context-switch timestamp,
D1,diagnostic,worker/raw.csv,2,T_ipc_ack,T_ipc_ack,3815992269418393,CLOCK_MONOTONIC_RAW,,99e4e85f1945866c9e00130b51df7908,2393301,,INT,,,,block0/thread0 marker proxy or host observation; not a hardware context-switch timestamp,
D1,diagnostic,worker/raw.csv,2,T_rm_call_begin,T_rm_call_begin,3815992268913379,CLOCK_MONOTONIC_RAW,,99e4e85f1945866c9e00130b51df7908,2393380,,BG,,,,block0/thread0 marker proxy or host observation; not a hardware context-switch timestamp,
D1,diagnostic,worker/raw.csv,2,T_rm_call_end,T_rm_call_end,3815992269416745,CLOCK_MONOTONIC_RAW,,99e4e85f1945866c9e00130b51df7908,2393380,,BG,,,,block0/thread0 marker proxy or host observation; not a hardware context-switch timestamp,
D1,diagnostic,worker/raw.csv,2,T_int_graph_entry_observed,T_int_graph_entry_observed,3815992269235512,CLOCK_MONOTONIC_RAW,,99e4e85f1945866c9e00130b51df7908,2393301,,INT,,,,block0/thread0 marker proxy or host observation; not a hardware context-switch timestamp,
D1,diagnostic,worker/raw.csv,2,T_int_main_entry_observed,T_int_main_entry_observed,3815992269240462,CLOCK_MONOTONIC_RAW,,99e4e85f1945866c9e00130b51df7908,2393301,,INT,,,,block0/thread0 marker proxy or host observation; not a hardware context-switch timestamp,
D1,diagnostic,worker/raw.csv,2,T_int_graph_done_observed,T_int_graph_done_observed,3815992269484828,CLOCK_MONOTONIC_RAW,,99e4e85f1945866c9e00130b51df7908,2393301,,INT,,,,block0/thread0 marker proxy or host observation; not a hardware context-switch timestamp,
D1,diagnostic,worker/raw.csv,2,T_bg_main_observed,T_bg_main_observed,3815992265819158,CLOCK_MONOTONIC_RAW,,99e4e85f1945866c9e00130b51df7908,2393380,,BG,,,,block0/thread0 marker proxy or host observation; not a hardware context-switch timestamp,
D1,diagnostic,worker/raw.csv,2,T_int_graph_entry_gpu_ns,T_int_graph_entry_gpu_ns,1789637376085468192,GPU_globaltimer,,99e4e85f1945866c9e00130b51df7908,2393301,,INT,,,,block0/thread0 marker proxy or host observation; not a hardware context-switch timestamp,
D1,diagnostic,worker/raw.csv,2,T_int_main_entry_gpu_ns,T_int_main_entry_gpu_ns,1789637376085468192,GPU_globaltimer,,99e4e85f1945866c9e00130b51df7908,2393301,,INT,,,,block0/thread0 marker proxy or host observation; not a hardware context-switch timestamp,
D1,diagnostic,worker/raw.csv,2,T_int_graph_done_gpu_ns,T_int_graph_done_gpu_ns,1789637376085717888,GPU_globaltimer,,99e4e85f1945866c9e00130b51df7908,2393301,,INT,,,,block0/thread0 marker proxy or host observation; not a hardware context-switch timestamp,
D1,diagnostic,worker/raw.csv,2,T_bg_main_gpu_ns,T_bg_main_gpu_ns,1789637376082047744,GPU_globaltimer,,99e4e85f1945866c9e00130b51df7908,2393380,,BG,,,,block0/thread0 marker proxy or host observation; not a hardware context-switch timestamp,
D1,diagnostic,worker/raw.csv,2,T_bg_done_gpu_ns,T_bg_done_gpu_ns,1789637376147002272,GPU_globaltimer,,99e4e85f1945866c9e00130b51df7908,2393380,,BG,,,,block0/thread0 marker proxy or host observation; not a hardware context-switch timestamp,
D1,diagnostic,worker/raw.csv,2,T_bg_done_observed,T_bg_done_observed,3815992330770981,CLOCK_MONOTONIC_RAW,,99e4e85f1945866c9e00130b51df7908,2393380,,BG,,,,block0/thread0 marker proxy or host observation; not a hardware context-switch timestamp,
D1,diagnostic,worker/raw.csv,2,T_owner_received,T_owner_received,3815992268868215,CLOCK_MONOTONIC_RAW,,99e4e85f1945866c9e00130b51df7908,2393380,,BG,,,,block0/thread0 marker proxy or host observation; not a hardware context-switch timestamp,
D1,diagnostic,worker/raw.csv,2,T_owner_prepare_begin,T_owner_prepare_begin,3815992268868529,CLOCK_MONOTONIC_RAW,,99e4e85f1945866c9e00130b51df7908,2393380,,BG,,,,block0/thread0 marker proxy or host observation; not a hardware context-switch timestamp,
D1,diagnostic,worker/raw.csv,2,T_owner_prepare_end,T_owner_prepare_end,3815992268908288,CLOCK_MONOTONIC_RAW,,99e4e85f1945866c9e00130b51df7908,2393380,,BG,,,,block0/thread0 marker proxy or host observation; not a hardware context-switch timestamp,
D1,diagnostic,worker/raw.csv,2,T_owner_action_end,T_owner_action_end,3815992269417667,CLOCK_MONOTONIC_RAW,,99e4e85f1945866c9e00130b51df7908,2393380,,BG,,,,block0/thread0 marker proxy or host observation; not a hardware context-switch timestamp,
D1,diagnostic,bg_control_events.jsonl,1,call_begin_ns,2691432710_call_begin_ns,3815991711225104,CLOCK_MONOTONIC_RAW,,99e4e85f1945866c9e00130b51df7908,2393380,,BG,,,,,
D1,diagnostic,bg_control_events.jsonl,1,call_end_ns,2691432710_call_end_ns,3815991711280061,CLOCK_MONOTONIC_RAW,,99e4e85f1945866c9e00130b51df7908,2393380,,BG,,,,,
D1,diagnostic,bg_control_events.jsonl,3,call_begin_ns,2691432709_call_begin_ns,3815992268913379,CLOCK_MONOTONIC_RAW,,99e4e85f1945866c9e00130b51df7908,2393380,,BG,,,,,
D1,diagnostic,bg_control_events.jsonl,3,call_end_ns,2691432709_call_end_ns,3815992269416745,CLOCK_MONOTONIC_RAW,,99e4e85f1945866c9e00130b51df7908,2393380,,BG,,,,,
D1,diagnostic,int_control_events.jsonl,1,call_begin_ns,2691432710_call_begin_ns,3815992261573247,CLOCK_MONOTONIC_RAW,,99e4e85f1945866c9e00130b51df7908,2393301,,INT,,,,,
D1,diagnostic,int_control_events.jsonl,1,call_end_ns,2691432710_call_end_ns,3815992261604274,CLOCK_MONOTONIC_RAW,,99e4e85f1945866c9e00130b51df7908,2393301,,INT,,,,,
